札番号,登録キーワード,文字数,生成元の情報
1,あきの,3,決まり字
1,秋の,2,漢字パーツ (1句目)
1,秋の田,3,漢字パーツ (1句目)
1,田の,2,漢字パーツ (1句目)
1,の田の,3,漢字パーツ (1句目)
1,あき,2,ひらがなパーツ (1句目)
1,のた,2,ひらがなパーツ (1句目)
1,のたの,3,ひらがなパーツ (1句目)
1,たの,2,ひらがなパーツ (1句目)
1,かり,2,漢字パーツ (2句目)
1,かりほ,3,漢字パーツ (2句目)
1,庵の,2,漢字パーツ (2句目)
1,の庵の,3,漢字パーツ (2句目)
1,ほの,2,ひらがなパーツ (2句目)
1,いほ,2,ひらがなパーツ (2句目)
1,いほの,3,ひらがなパーツ (2句目)
1,りほの,3,ひらがなパーツ (2句目)
1,苫を,2,漢字パーツ (3句目)
1,あらみ,3,漢字パーツ (3句目)
1,とま,2,ひらがなパーツ (3句目)
2,はるす,3,決まり字
2,春過,2,漢字パーツ (1句目)
2,春過ぎ,3,漢字パーツ (1句目)
2,ぎて,2,漢字パーツ (1句目)
2,過ぎて,3,漢字パーツ (1句目)
2,はる,2,ひらがなパーツ (1句目)
2,すぎ,2,ひらがなパーツ (1句目)
2,すぎて,3,ひらがなパーツ (1句目)
2,夏来,2,漢字パーツ (2句目)
2,夏来に,3,漢字パーツ (2句目)
2,らし,2,漢字パーツ (2句目)
2,けらし,3,漢字パーツ (2句目)
2,なつ,2,ひらがなパーツ (2句目)
2,きに,2,ひらがなパーツ (2句目)
2,けら,2,ひらがなパーツ (2句目)
2,つきに,3,ひらがなパーツ (2句目)
2,白妙,2,漢字パーツ (3句目)
2,白妙の,3,漢字パーツ (3句目)
2,しろ,2,ひらがなパーツ (3句目)
2,たへの,3,ひらがなパーツ (3句目)
3,あし,2,決まり字
3,あしび,3,漢字パーツ (1句目)
3,きの,2,漢字パーツ (1句目)
3,びきの,3,漢字パーツ (1句目)
3,びき,2,ひらがなパーツ (1句目)
3,山鳥,2,漢字パーツ (2句目)
3,山鳥の,3,漢字パーツ (2句目)
3,尾の,2,漢字パーツ (2句目)
3,の尾の,3,漢字パーツ (2句目)
3,やま,2,ひらがなパーツ (2句目)
3,どり,2,ひらがなパーツ (2句目)
3,のを,2,ひらがなパーツ (2句目)
3,のをの,3,ひらがなパーツ (2句目)
3,まどり,3,ひらがなパーツ (2句目)
3,をの,2,ひらがなパーツ (2句目)
3,しだ,2,漢字パーツ (3句目)
3,り尾の,3,漢字パーツ (3句目)
3,りをの,3,ひらがなパーツ (3句目)
4,たご,2,決まり字
4,田子,2,漢字パーツ (1句目)
4,田子の,3,漢字パーツ (1句目)
4,浦に,2,漢字パーツ (1句目)
4,の浦に,3,漢字パーツ (1句目)
4,のう,2,ひらがなパーツ (1句目)
4,うらに,3,ひらがなパーツ (1句目)
4,らに,2,ひらがなパーツ (1句目)
4,うち,2,漢字パーツ (2句目)
4,うち出,3,漢字パーツ (2句目)
4,れば,2,漢字パーツ (2句目)
4,見れば,3,漢字パーツ (2句目)
4,いで,2,ひらがなパーツ (2句目)
4,てみ,2,ひらがなパーツ (2句目)
4,みれば,3,ひらがなパーツ (2句目)
4,ちいで,3,ひらがなパーツ (2句目)
4,白妙,2,漢字パーツ (3句目)
4,白妙の,3,漢字パーツ (3句目)
4,しろ,2,ひらがなパーツ (3句目)
4,たへの,3,ひらがなパーツ (3句目)
5,おく,2,決まり字
5,奥山,2,漢字パーツ (1句目)
5,奥山に,3,漢字パーツ (1句目)
5,山に,2,漢字パーツ (1句目)
5,やま,2,ひらがなパーツ (1句目)
5,やまに,3,ひらがなパーツ (1句目)
5,まに,2,ひらがなパーツ (1句目)
5,紅葉,2,漢字パーツ (2句目)
5,紅葉踏,3,漢字パーツ (2句目)
5,分け,2,漢字パーツ (2句目)
5,み分け,3,漢字パーツ (2句目)
5,もみ,2,ひらがなパーツ (2句目)
5,ぢふ,2,ひらがなパーツ (2句目)
5,みわ,2,ひらがなパーツ (2句目)
5,みわけ,3,ひらがなパーツ (2句目)
5,みぢふ,3,ひらがなパーツ (2句目)
5,わけ,2,ひらがなパーツ (2句目)
5,鳴く,2,漢字パーツ (3句目)
5,く鹿の,3,漢字パーツ (3句目)
5,なく,2,ひらがなパーツ (3句目)
5,しかの,3,ひらがなパーツ (3句目)
6,かさ,2,決まり字
6,鵲の,2,漢字パーツ (1句目)
6,さぎ,2,ひらがなパーツ (1句目)
6,さぎの,3,ひらがなパーツ (1句目)
6,ぎの,2,ひらがなパーツ (1句目)
6,渡せ,2,漢字パーツ (2句目)
6,渡せる,3,漢字パーツ (2句目)
6,橋に,2,漢字パーツ (2句目)
6,る橋に,3,漢字パーツ (2句目)
6,わた,2,ひらがなパーツ (2句目)
6,せる,2,ひらがなパーツ (2句目)
6,はし,2,ひらがなパーツ (2句目)
6,はしに,3,ひらがなパーツ (2句目)
6,たせる,3,ひらがなパーツ (2句目)
6,しに,2,ひらがなパーツ (2句目)
6,置く,2,漢字パーツ (3句目)
6,く霜の,3,漢字パーツ (3句目)
6,おく,2,ひらがなパーツ (3句目)
6,しもの,3,ひらがなパーツ (3句目)
7,あまの,3,決まり字
7,天の,2,漢字パーツ (1句目)
7,天の原,3,漢字パーツ (1句目)
7,の原,2,漢字パーツ (1句目)
7,あま,2,ひらがなパーツ (1句目)
7,のは,2,ひらがなパーツ (1句目)
7,のはら,3,ひらがなパーツ (1句目)
7,はら,2,ひらがなパーツ (1句目)
7,ふり,2,漢字パーツ (2句目)
7,ふりさ,3,漢字パーツ (2句目)
7,れば,2,漢字パーツ (2句目)
7,見れば,3,漢字パーツ (2句目)
7,さけ,2,ひらがなパーツ (2句目)
7,みれ,2,ひらがなパーツ (2句目)
7,みれば,3,ひらがなパーツ (2句目)
7,りさけ,3,ひらがなパーツ (2句目)
7,春日,2,漢字パーツ (3句目)
7,日なる,3,漢字パーツ (3句目)
7,かす,2,ひらがなパーツ (3句目)
7,がなる,3,ひらがなパーツ (3句目)
8,わがい,3,決まり字
8,わが,2,漢字パーツ (1句目)
8,わが庵,3,漢字パーツ (1句目)
8,庵は,2,漢字パーツ (1句目)
8,が庵は,3,漢字パーツ (1句目)
8,いほ,2,ひらがなパーツ (1句目)
8,いほは,3,ひらがなパーツ (1句目)
8,ほは,2,ひらがなパーツ (1句目)
8,都の,2,漢字パーツ (2句目)
8,都の辰,3,漢字パーツ (2句目)
8,辰巳,2,漢字パーツ (2句目)
8,の辰巳,3,漢字パーツ (2句目)
8,みや,2,ひらがなパーツ (2句目)
8,この,2,ひらがなパーツ (2句目)
8,たつ,2,ひらがなパーツ (2句目)
8,たつみ,3,ひらがなパーツ (2句目)
8,やこの,3,ひらがなパーツ (2句目)
8,つみ,2,ひらがなパーツ (2句目)
8,しか,2,漢字パーツ (3句目)
8,ぞ住む,3,漢字パーツ (3句目)
8,ぞすむ,3,ひらがなパーツ (3句目)
9,はなの,3,決まり字
9,花の,2,漢字パーツ (1句目)
9,花の色,3,漢字パーツ (1句目)
9,色は,2,漢字パーツ (1句目)
9,の色は,3,漢字パーツ (1句目)
9,はな,2,ひらがなパーツ (1句目)
9,のい,2,ひらがなパーツ (1句目)
9,いろは,3,ひらがなパーツ (1句目)
9,ろは,2,ひらがなパーツ (1句目)
9,移り,2,漢字パーツ (2句目)
9,移りに,3,漢字パーツ (2句目)
9,りな,2,漢字パーツ (2句目)
9,けりな,3,漢字パーツ (2句目)
9,うつ,2,ひらがなパーツ (2句目)
9,りに,2,ひらがなパーツ (2句目)
9,けり,2,ひらがなパーツ (2句目)
9,つりに,3,ひらがなパーツ (2句目)
9,いた,2,漢字パーツ (3句目)
9,づらに,3,漢字パーツ (3句目)
10,これ,2,決まり字
10,これや,3,漢字パーツ (1句目)
10,この,2,漢字パーツ (1句目)
10,やこの,3,漢字パーツ (1句目)
10,やこ,2,ひらがなパーツ (1句目)
10,行く,2,漢字パーツ (2句目)
10,行くも,3,漢字パーツ (2句目)
10,るも,2,漢字パーツ (2句目)
10,帰るも,3,漢字パーツ (2句目)
10,いく,2,ひらがなパーツ (2句目)
10,もか,2,ひらがなパーツ (2句目)
10,へる,2,ひらがなパーツ (2句目)
10,へるも,3,ひらがなパーツ (2句目)
10,くもか,3,ひらがなパーツ (2句目)
10,別れ,2,漢字パーツ (3句目)
10,れては,3,漢字パーツ (3句目)
10,わか,2,ひらがなパーツ (3句目)
11,わたのはらや,6,決まり字
11,わた,2,漢字パーツ (1句目)
11,わたの,3,漢字パーツ (1句目)
11,の原,2,漢字パーツ (1句目)
11,たの原,3,漢字パーツ (1句目)
11,のは,2,ひらがなパーツ (1句目)
11,のはら,3,ひらがなパーツ (1句目)
11,はら,2,ひらがなパーツ (1句目)
11,八十,2,漢字パーツ (2句目)
11,八十島,3,漢字パーツ (2句目)
11,けて,2,漢字パーツ (2句目)
11,かけて,3,漢字パーツ (2句目)
11,やそ,2,ひらがなパーツ (2句目)
11,しま,2,ひらがなパーツ (2句目)
11,かけ,2,ひらがなパーツ (2句目)
11,そしま,3,ひらがなパーツ (2句目)
11,漕ぎ,2,漢字パーツ (3句目)
11,でぬと,3,漢字パーツ (3句目)
11,こぎ,2,ひらがなパーツ (3句目)
12,あまつ,3,決まり字
12,天つ,2,漢字パーツ (1句目)
12,天つ風,3,漢字パーツ (1句目)
12,つ風,2,漢字パーツ (1句目)
12,あま,2,ひらがなパーツ (1句目)
12,つか,2,ひらがなパーツ (1句目)
12,つかぜ,3,ひらがなパーツ (1句目)
12,かぜ,2,ひらがなパーツ (1句目)
12,雲の,2,漢字パーツ (2句目)
12,雲の通,3,漢字パーツ (2句目)
12,ひ路,2,漢字パーツ (2句目)
12,通ひ路,3,漢字パーツ (2句目)
12,くも,2,ひらがなパーツ (2句目)
12,のか,2,ひらがなパーツ (2句目)
12,よひ,2,ひらがなパーツ (2句目)
12,よひぢ,3,ひらがなパーツ (2句目)
12,ものか,3,ひらがなパーツ (2句目)
12,ひぢ,2,ひらがなパーツ (2句目)
12,吹き,2,漢字パーツ (3句目)
12,閉ぢよ,3,漢字パーツ (3句目)
12,ふき,2,ひらがなパーツ (3句目)
12,とぢよ,3,ひらがなパーツ (3句目)
13,つく,2,決まり字
13,筑波,2,漢字パーツ (1句目)
13,筑波嶺,3,漢字パーツ (1句目)
13,嶺の,2,漢字パーツ (1句目)
13,波嶺の,3,漢字パーツ (1句目)
13,ばね,2,ひらがなパーツ (1句目)
13,ばねの,3,ひらがなパーツ (1句目)
13,ねの,2,ひらがなパーツ (1句目)
13,峰よ,2,漢字パーツ (2句目)
13,峰より,3,漢字パーツ (2句目)
13,つる,2,漢字パーツ (2句目)
13,落つる,3,漢字パーツ (2句目)
13,みね,2,ひらがなパーツ (2句目)
13,より,2,ひらがなパーツ (2句目)
13,おつ,2,ひらがなパーツ (2句目)
13,おつる,3,ひらがなパーツ (2句目)
13,ねより,3,ひらがなパーツ (2句目)
13,男女,2,漢字パーツ (3句目)
13,男女川,3,漢字パーツ (3句目)
13,みな,2,ひらがなパーツ (3句目)
13,のがは,3,ひらがなパーツ (3句目)
14,みち,2,決まり字
14,陸奥,2,漢字パーツ (1句目)
14,陸奥の,3,漢字パーツ (1句目)
14,奥の,2,漢字パーツ (1句目)
14,のく,2,ひらがなパーツ (1句目)
14,のくの,3,ひらがなパーツ (1句目)
14,くの,2,ひらがなパーツ (1句目)
14,しの,2,漢字パーツ (2句目)
14,しのぶ,3,漢字パーツ (2句目)
14,ずり,2,漢字パーツ (2句目)
14,ぢずり,3,漢字パーツ (2句目)
14,ぶも,2,ひらがなパーツ (2句目)
14,ぢず,2,ひらがなパーツ (2句目)
14,のぶも,3,ひらがなパーツ (2句目)
14,誰ゆ,2,漢字パーツ (3句目)
14,ゆゑに,3,漢字パーツ (3句目)
14,たれ,2,ひらがなパーツ (3句目)
15,きみがためは,6,決まり字
15,君が,2,漢字パーツ (1句目)
15,君がた,3,漢字パーツ (1句目)
15,ため,2,漢字パーツ (1句目)
15,がため,3,漢字パーツ (1句目)
15,きみ,2,ひらがなパーツ (1句目)
15,がた,2,ひらがなパーツ (1句目)
15,春の,2,漢字パーツ (2句目)
15,春の野,3,漢字パーツ (2句目)
15,でて,2,漢字パーツ (2句目)
15,出でて,3,漢字パーツ (2句目)
15,はる,2,ひらがなパーツ (2句目)
15,のの,2,ひらがなパーツ (2句目)
15,にい,2,ひらがなパーツ (2句目)
15,いでて,3,ひらがなパーツ (2句目)
15,るのの,3,ひらがなパーツ (2句目)
15,若菜,2,漢字パーツ (3句目)
15,菜摘む,3,漢字パーツ (3句目)
15,わか,2,ひらがなパーツ (3句目)
15,なつむ,3,ひらがなパーツ (3句目)
16,たち,2,決まり字
16,立ち,2,漢字パーツ (1句目)
16,立ち別,3,漢字パーツ (1句目)
16,別れ,2,漢字パーツ (1句目)
16,ち別れ,3,漢字パーツ (1句目)
16,わか,2,ひらがなパーツ (1句目)
16,わかれ,3,ひらがなパーツ (1句目)
16,かれ,2,ひらがなパーツ (1句目)
16,いな,2,漢字パーツ (2句目)
16,いなば,3,漢字パーツ (2句目)
16,山の,2,漢字パーツ (2句目)
16,の山の,3,漢字パーツ (2句目)
16,ばの,2,ひらがなパーツ (2句目)
16,やま,2,ひらがなパーツ (2句目)
16,やまの,3,ひらがなパーツ (2句目)
16,なばの,3,ひらがなパーツ (2句目)
16,まの,2,ひらがなパーツ (2句目)
16,峰に,2,漢字パーツ (3句目)
16,生ふる,3,漢字パーツ (3句目)
16,みね,2,ひらがなパーツ (3句目)
16,おふる,3,ひらがなパーツ (3句目)
17,ちは,2,決まり字
17,ちはや,3,漢字パーツ (1句目)
17,ぶる,2,漢字パーツ (1句目)
17,やぶる,3,漢字パーツ (1句目)
17,やぶ,2,ひらがなパーツ (1句目)
17,神代,2,漢字パーツ (2句目)
17,神代も,3,漢字パーツ (2句目)
17,かず,2,漢字パーツ (2句目)
17,聞かず,3,漢字パーツ (2句目)
17,かみ,2,ひらがなパーツ (2句目)
17,よも,2,ひらがなパーツ (2句目)
17,きか,2,ひらがなパーツ (2句目)
17,きかず,3,ひらがなパーツ (2句目)
17,みよも,3,ひらがなパーツ (2句目)
17,竜田,2,漢字パーツ (3句目)
17,竜田川,3,漢字パーツ (3句目)
17,たつ,2,ひらがなパーツ (3句目)
17,たがは,3,ひらがなパーツ (3句目)
18,す,1,決まり字
18,住の,2,漢字パーツ (1句目)
18,住の江,3,漢字パーツ (1句目)
18,江の,2,漢字パーツ (1句目)
18,の江の,3,漢字パーツ (1句目)
18,すみ,2,ひらがなパーツ (1句目)
18,のえ,2,ひらがなパーツ (1句目)
18,のえの,3,ひらがなパーツ (1句目)
18,えの,2,ひらがなパーツ (1句目)
18,岸に,2,漢字パーツ (2句目)
18,岸に寄,3,漢字パーツ (2句目)
18,る波,2,漢字パーツ (2句目)
18,寄る波,3,漢字パーツ (2句目)
18,きし,2,ひらがなパーツ (2句目)
18,によ,2,ひらがなパーツ (2句目)
18,るな,2,ひらがなパーツ (2句目)
18,るなみ,3,ひらがなパーツ (2句目)
18,しによ,3,ひらがなパーツ (2句目)
18,なみ,2,ひらがなパーツ (2句目)
18,よる,2,漢字パーツ (3句目)
18,さへや,3,漢字パーツ (3句目)
19,なにはが,4,決まり字
19,難波,2,漢字パーツ (1句目)
19,難波潟,3,漢字パーツ (1句目)
19,波潟,2,漢字パーツ (1句目)
19,なに,2,ひらがなパーツ (1句目)
19,はが,2,ひらがなパーツ (1句目)
19,はがた,3,ひらがなパーツ (1句目)
19,がた,2,ひらがなパーツ (1句目)
19,短き,2,漢字パーツ (2句目)
19,短き蘆,3,漢字パーツ (2句目)
19,蘆の,2,漢字パーツ (2句目)
19,き蘆の,3,漢字パーツ (2句目)
19,みじ,2,ひらがなパーツ (2句目)
19,かき,2,ひらがなパーツ (2句目)
19,あし,2,ひらがなパーツ (2句目)
19,あしの,3,ひらがなパーツ (2句目)
19,じかき,3,ひらがなパーツ (2句目)
19,しの,2,ひらがなパーツ (2句目)
19,ふし,2,漢字パーツ (3句目)
19,の間も,3,漢字パーツ (3句目)
19,のまも,3,ひらがなパーツ (3句目)
20,わび,2,決まり字
20,わびぬ,3,漢字パーツ (1句目)
20,れば,2,漢字パーツ (1句目)
20,ぬれば,3,漢字パーツ (1句目)
20,ぬれ,2,ひらがなパーツ (1句目)
20,今は,2,漢字パーツ (2句目)
20,今はた,3,漢字パーツ (2句目)
20,なじ,2,漢字パーツ (2句目)
20,おなじ,3,漢字パーツ (2句目)
20,いま,2,ひらがなパーツ (2句目)
20,はた,2,ひらがなパーツ (2句目)
20,おな,2,ひらがなパーツ (2句目)
20,まはた,3,ひらがなパーツ (2句目)
20,難波,2,漢字パーツ (3句目)
20,波なる,3,漢字パーツ (3句目)
20,なに,2,ひらがなパーツ (3句目)
20,はなる,3,ひらがなパーツ (3句目)
21,いまこ,3,決まり字
21,今来,2,漢字パーツ (1句目)
21,今来む,3,漢字パーツ (1句目)
21,むと,2,漢字パーツ (1句目)
21,来むと,3,漢字パーツ (1句目)
21,いま,2,ひらがなパーツ (1句目)
21,こむ,2,ひらがなパーツ (1句目)
21,こむと,3,ひらがなパーツ (1句目)
21,言ひ,2,漢字パーツ (2句目)
21,言ひし,3,漢字パーツ (2句目)
21,りに,2,漢字パーツ (2句目)
21,かりに,3,漢字パーツ (2句目)
21,いひ,2,ひらがなパーツ (2句目)
21,しば,2,ひらがなパーツ (2句目)
21,かり,2,ひらがなパーツ (2句目)
21,ひしば,3,ひらがなパーツ (2句目)
21,長月,2,漢字パーツ (3句目)
21,長月の,3,漢字パーツ (3句目)
21,なが,2,ひらがなパーツ (3句目)
21,つきの,3,ひらがなパーツ (3句目)
22,ふ,1,決まり字
22,吹く,2,漢字パーツ (1句目)
22,吹くか,3,漢字パーツ (1句目)
22,らに,2,漢字パーツ (1句目)
22,からに,3,漢字パーツ (1句目)
22,ふく,2,ひらがなパーツ (1句目)
22,から,2,ひらがなパーツ (1句目)
22,秋の,2,漢字パーツ (2句目)
22,秋の草,3,漢字パーツ (2句目)
22,木の,2,漢字パーツ (2句目)
22,草木の,3,漢字パーツ (2句目)
22,あき,2,ひらがなパーツ (2句目)
22,のく,2,ひらがなパーツ (2句目)
22,さき,2,ひらがなパーツ (2句目)
22,さきの,3,ひらがなパーツ (2句目)
22,きのく,3,ひらがなパーツ (2句目)
22,きの,2,ひらがなパーツ (2句目)
22,しを,2,漢字パーツ (3句目)
22,るれば,3,漢字パーツ (3句目)
23,つき,2,決まり字
23,月見,2,漢字パーツ (1句目)
23,月見れ,3,漢字パーツ (1句目)
23,れば,2,漢字パーツ (1句目)
23,見れば,3,漢字パーツ (1句目)
23,みれ,2,ひらがなパーツ (1句目)
23,みれば,3,ひらがなパーツ (1句目)
23,ちぢ,2,漢字パーツ (2句目)
23,ちぢに,3,漢字パーツ (2句目)
23,こそ,2,漢字パーツ (2句目)
23,のこそ,3,漢字パーツ (2句目)
23,にも,2,ひらがなパーツ (2句目)
23,のこ,2,ひらがなパーツ (2句目)
23,ぢにも,3,ひらがなパーツ (2句目)
23,悲し,2,漢字パーツ (3句目)
23,しけれ,3,漢字パーツ (3句目)
23,かな,2,ひらがなパーツ (3句目)
24,この,2,決まり字
24,このた,3,漢字パーツ (1句目)
24,びは,2,漢字パーツ (1句目)
24,たびは,3,漢字パーツ (1句目)
24,たび,2,ひらがなパーツ (1句目)
24,ぬさ,2,漢字パーツ (2句目)
24,ぬさも,3,漢字パーツ (2句目)
24,へず,2,漢字パーツ (2句目)
24,あへず,3,漢字パーツ (2句目)
24,もと,2,ひらがなパーツ (2句目)
24,りあ,2,ひらがなパーツ (2句目)
24,さもと,3,ひらがなパーツ (2句目)
24,手向,2,漢字パーツ (3句目)
24,手向山,3,漢字パーツ (3句目)
24,たむ,2,ひらがなパーツ (3句目)
24,けやま,3,ひらがなパーツ (3句目)
25,なにし,3,決まり字
25,名に,2,漢字パーツ (1句目)
25,名にし,3,漢字パーツ (1句目)
25,はば,2,漢字パーツ (1句目)
25,負はば,3,漢字パーツ (1句目)
25,なに,2,ひらがなパーツ (1句目)
25,しお,2,ひらがなパーツ (1句目)
25,おはば,3,ひらがなパーツ (1句目)
25,逢坂,2,漢字パーツ (2句目)
25,逢坂山,3,漢字パーツ (2句目)
25,山の,2,漢字パーツ (2句目)
25,坂山の,3,漢字パーツ (2句目)
25,あふ,2,ひらがなパーツ (2句目)
25,さか,2,ひらがなパーツ (2句目)
25,やま,2,ひらがなパーツ (2句目)
25,やまの,3,ひらがなパーツ (2句目)
25,ふさか,3,ひらがなパーツ (2句目)
25,まの,2,ひらがなパーツ (2句目)
25,さね,2,漢字パーツ (3句目)
25,かづら,3,漢字パーツ (3句目)
26,をぐ,2,決まり字
26,おぐ,2,現代語発音（全体）
26,小倉,2,漢字パーツ (1句目)
26,小倉山,3,漢字パーツ (1句目)
26,倉山,2,漢字パーツ (1句目)
26,らや,2,ひらがなパーツ (1句目)
26,らやま,3,ひらがなパーツ (1句目)
26,やま,2,ひらがなパーツ (1句目)
26,峰の,2,漢字パーツ (2句目)
26,峰のも,3,漢字パーツ (2句目)
26,ぢ葉,2,漢字パーツ (2句目)
26,みぢ葉,3,漢字パーツ (2句目)
26,みね,2,ひらがなパーツ (2句目)
26,のも,2,ひらがなパーツ (2句目)
26,みぢ,2,ひらがなパーツ (2句目)
26,みぢば,3,ひらがなパーツ (2句目)
26,ねのも,3,ひらがなパーツ (2句目)
26,ぢば,2,ひらがなパーツ (2句目)
26,心あ,2,漢字パーツ (3句目)
26,あらば,3,漢字パーツ (3句目)
26,ここ,2,ひらがなパーツ (3句目)
27,みかの,3,決まり字
27,みか,2,漢字パーツ (1句目)
27,の原,2,漢字パーツ (1句目)
27,かの原,3,漢字パーツ (1句目)
27,のは,2,ひらがなパーツ (1句目)
27,のはら,3,ひらがなパーツ (1句目)
27,はら,2,ひらがなパーツ (1句目)
27,わき,2,漢字パーツ (2句目)
27,わきて,3,漢字パーツ (2句目)
27,るる,2,漢字パーツ (2句目)
27,流るる,3,漢字パーツ (2句目)
27,てな,2,ひらがなパーツ (2句目)
27,がる,2,ひらがなパーツ (2句目)
27,がるる,3,ひらがなパーツ (2句目)
27,きてな,3,ひらがなパーツ (2句目)
27,泉川,2,漢字パーツ (3句目)
27,いづ,2,ひらがなパーツ (3句目)
27,みがは,3,ひらがなパーツ (3句目)
28,やまざ,3,決まり字
28,山里,2,漢字パーツ (1句目)
28,山里は,3,漢字パーツ (1句目)
28,里は,2,漢字パーツ (1句目)
28,やま,2,ひらがなパーツ (1句目)
28,ざと,2,ひらがなパーツ (1句目)
28,ざとは,3,ひらがなパーツ (1句目)
28,とは,2,ひらがなパーツ (1句目)
28,冬ぞ,2,漢字パーツ (2句目)
28,冬ぞ寂,3,漢字パーツ (2句目)
28,しさ,2,漢字パーツ (2句目)
28,寂しさ,3,漢字パーツ (2句目)
28,ふゆ,2,ひらがなパーツ (2句目)
28,ぞさ,2,ひらがなパーツ (2句目)
28,びし,2,ひらがなパーツ (2句目)
28,びしさ,3,ひらがなパーツ (2句目)
28,ゆぞさ,3,ひらがなパーツ (2句目)
28,まさ,2,漢字パーツ (3句目)
28,りける,3,漢字パーツ (3句目)
29,こころあ,4,決まり字
29,心あ,2,漢字パーツ (1句目)
29,心あて,3,漢字パーツ (1句目)
29,てに,2,漢字パーツ (1句目)
29,あてに,3,漢字パーツ (1句目)
29,ここ,2,ひらがなパーツ (1句目)
29,ろあ,2,ひらがなパーツ (1句目)
29,折ら,2,漢字パーツ (2句目)
29,折らば,3,漢字パーツ (2句目)
29,らむ,2,漢字パーツ (2句目)
29,折らむ,3,漢字パーツ (2句目)
29,をら,2,ひらがなパーツ (2句目)
29,ばや,2,ひらがなパーツ (2句目)
29,をらむ,3,ひらがなパーツ (2句目)
29,らばや,3,ひらがなパーツ (2句目)
29,初霜,2,漢字パーツ (3句目)
29,初霜の,3,漢字パーツ (3句目)
29,はつ,2,ひらがなパーツ (3句目)
29,しもの,3,ひらがなパーツ (3句目)
30,ありあ,3,決まり字
30,有明,2,漢字パーツ (1句目)
30,有明の,3,漢字パーツ (1句目)
30,明の,2,漢字パーツ (1句目)
30,あり,2,ひらがなパーツ (1句目)
30,あけ,2,ひらがなパーツ (1句目)
30,あけの,3,ひらがなパーツ (1句目)
30,けの,2,ひらがなパーツ (1句目)
30,つれ,2,漢字パーツ (2句目)
30,つれな,3,漢字パーツ (2句目)
30,えし,2,漢字パーツ (2句目)
30,見えし,3,漢字パーツ (2句目)
30,なく,2,ひらがなパーツ (2句目)
30,みえ,2,ひらがなパーツ (2句目)
30,みえし,3,ひらがなパーツ (2句目)
30,れなく,3,ひらがなパーツ (2句目)
30,別れ,2,漢字パーツ (3句目)
30,れより,3,漢字パーツ (3句目)
30,わか,2,ひらがなパーツ (3句目)
31,あさぼらけあ,6,決まり字
31,朝ぼ,2,漢字パーツ (1句目)
31,朝ぼら,3,漢字パーツ (1句目)
31,らけ,2,漢字パーツ (1句目)
31,ぼらけ,3,漢字パーツ (1句目)
31,あさ,2,ひらがなパーツ (1句目)
31,ぼら,2,ひらがなパーツ (1句目)
31,有明,2,漢字パーツ (2句目)
31,有明の,3,漢字パーツ (2句目)
31,月と,2,漢字パーツ (2句目)
31,の月と,3,漢字パーツ (2句目)
31,あり,2,ひらがなパーツ (2句目)
31,あけ,2,ひらがなパーツ (2句目)
31,のつ,2,ひらがなパーツ (2句目)
31,つきと,3,ひらがなパーツ (2句目)
31,りあけ,3,ひらがなパーツ (2句目)
31,きと,2,ひらがなパーツ (2句目)
31,見る,2,漢字パーツ (3句目)
31,までに,3,漢字パーツ (3句目)
31,みる,2,ひらがなパーツ (3句目)
32,やまが,3,決まり字
32,山川,2,漢字パーツ (1句目)
32,山川に,3,漢字パーツ (1句目)
32,川に,2,漢字パーツ (1句目)
32,やま,2,ひらがなパーツ (1句目)
32,がは,2,ひらがなパーツ (1句目)
32,がはに,3,ひらがなパーツ (1句目)
32,はに,2,ひらがなパーツ (1句目)
32,風の,2,漢字パーツ (2句目)
32,風のか,3,漢字パーツ (2句目)
32,たる,2,漢字パーツ (2句目)
32,けたる,3,漢字パーツ (2句目)
32,かぜ,2,ひらがなパーツ (2句目)
32,のか,2,ひらがなパーツ (2句目)
32,けた,2,ひらがなパーツ (2句目)
32,ぜのか,3,ひらがなパーツ (2句目)
32,しが,2,漢字パーツ (3句目)
32,らみは,3,漢字パーツ (3句目)
33,ひさ,2,決まり字
33,ひさか,3,漢字パーツ (1句目)
33,たの,2,漢字パーツ (1句目)
33,かたの,3,漢字パーツ (1句目)
33,かた,2,ひらがなパーツ (1句目)
33,光の,2,漢字パーツ (2句目)
33,光のど,3,漢字パーツ (2句目)
33,けき,2,漢字パーツ (2句目)
33,どけき,3,漢字パーツ (2句目)
33,ひか,2,ひらがなパーツ (2句目)
33,りの,2,ひらがなパーツ (2句目)
33,どけ,2,ひらがなパーツ (2句目)
33,かりの,3,ひらがなパーツ (2句目)
33,春の,2,漢字パーツ (3句目)
33,の日に,3,漢字パーツ (3句目)
33,はる,2,ひらがなパーツ (3句目)
33,のひに,3,ひらがなパーツ (3句目)
34,たれ,2,決まり字
34,誰を,2,漢字パーツ (1句目)
34,誰をか,3,漢字パーツ (1句目)
34,かも,2,漢字パーツ (1句目)
34,をかも,3,漢字パーツ (1句目)
34,をか,2,ひらがなパーツ (1句目)
34,知る,2,漢字パーツ (2句目)
34,知る人,3,漢字パーツ (2句目)
34,せむ,2,漢字パーツ (2句目)
34,にせむ,3,漢字パーツ (2句目)
34,しる,2,ひらがなパーツ (2句目)
34,ひと,2,ひらがなパーツ (2句目)
34,にせ,2,ひらがなパーツ (2句目)
34,るひと,3,ひらがなパーツ (2句目)
34,高砂,2,漢字パーツ (3句目)
34,高砂の,3,漢字パーツ (3句目)
34,たか,2,ひらがなパーツ (3句目)
34,さごの,3,ひらがなパーツ (3句目)
35,ひとは,3,決まり字
35,人は,2,漢字パーツ (1句目)
35,人はい,3,漢字パーツ (1句目)
35,いさ,2,漢字パーツ (1句目)
35,はいさ,3,漢字パーツ (1句目)
35,ひと,2,ひらがなパーツ (1句目)
35,はい,2,ひらがなパーツ (1句目)
35,心も,2,漢字パーツ (2句目)
35,心も知,3,漢字パーツ (2句目)
35,らず,2,漢字パーツ (2句目)
35,知らず,3,漢字パーツ (2句目)
35,ここ,2,ひらがなパーツ (2句目)
35,ろも,2,ひらがなパーツ (2句目)
35,しら,2,ひらがなパーツ (2句目)
35,しらず,3,ひらがなパーツ (2句目)
35,ころも,3,ひらがなパーツ (2句目)
35,ふる,2,漢字パーツ (3句目)
35,さとは,3,漢字パーツ (3句目)
36,なつ,2,決まり字
36,夏の,2,漢字パーツ (1句目)
36,夏の夜,3,漢字パーツ (1句目)
36,夜は,2,漢字パーツ (1句目)
36,の夜は,3,漢字パーツ (1句目)
36,のよ,2,ひらがなパーツ (1句目)
36,のよは,3,ひらがなパーツ (1句目)
36,よは,2,ひらがなパーツ (1句目)
36,まだ,2,漢字パーツ (2句目)
36,まだ宵,3,漢字パーツ (2句目)
36,がら,2,漢字パーツ (2句目)
36,ながら,3,漢字パーツ (2句目)
36,よひ,2,ひらがなパーツ (2句目)
36,なが,2,ひらがなパーツ (2句目)
36,だよひ,3,ひらがなパーツ (2句目)
36,明け,2,漢字パーツ (3句目)
36,ぬるを,3,漢字パーツ (3句目)
36,あけ,2,ひらがなパーツ (3句目)
37,しら,2,決まり字
37,白露,2,漢字パーツ (1句目)
37,白露に,3,漢字パーツ (1句目)
37,露に,2,漢字パーツ (1句目)
37,つゆ,2,ひらがなパーツ (1句目)
37,つゆに,3,ひらがなパーツ (1句目)
37,ゆに,2,ひらがなパーツ (1句目)
37,風の,2,漢字パーツ (2句目)
37,風の吹,3,漢字パーツ (2句目)
37,しく,2,漢字パーツ (2句目)
37,きしく,3,漢字パーツ (2句目)
37,かぜ,2,ひらがなパーツ (2句目)
37,のふ,2,ひらがなパーツ (2句目)
37,きし,2,ひらがなパーツ (2句目)
37,ぜのふ,3,ひらがなパーツ (2句目)
37,秋の,2,漢字パーツ (3句目)
37,の野は,3,漢字パーツ (3句目)
37,あき,2,ひらがなパーツ (3句目)
37,ののは,3,ひらがなパーツ (3句目)
38,わすら,3,決まり字
38,忘ら,2,漢字パーツ (1句目)
38,忘らる,3,漢字パーツ (1句目)
38,るる,2,漢字パーツ (1句目)
38,らるる,3,漢字パーツ (1句目)
38,わす,2,ひらがなパーツ (1句目)
38,らる,2,ひらがなパーツ (1句目)
38,身を,2,漢字パーツ (2句目)
38,身をば,3,漢字パーツ (2句目)
38,はず,2,漢字パーツ (2句目)
38,思はず,3,漢字パーツ (2句目)
38,みを,2,ひらがなパーツ (2句目)
38,ばお,2,ひらがなパーツ (2句目)
38,もは,2,ひらがなパーツ (2句目)
38,もはず,3,ひらがなパーツ (2句目)
38,をばお,3,ひらがなパーツ (2句目)
38,誓ひ,2,漢字パーツ (3句目)
38,ひてし,3,漢字パーツ (3句目)
38,ちか,2,ひらがなパーツ (3句目)
39,あさぢ,3,決まり字
39,あさじ,3,現代語発音（全体）
39,浅茅,2,漢字パーツ (1句目)
39,浅茅生,3,漢字パーツ (1句目)
39,生の,2,漢字パーツ (1句目)
39,茅生の,3,漢字パーツ (1句目)
39,あさ,2,ひらがなパーツ (1句目)
39,ぢふ,2,ひらがなパーツ (1句目)
39,ぢふの,3,ひらがなパーツ (1句目)
39,ふの,2,ひらがなパーツ (1句目)
39,小野,2,漢字パーツ (2句目)
39,小野の,3,漢字パーツ (2句目)
39,篠原,2,漢字パーツ (2句目)
39,の篠原,3,漢字パーツ (2句目)
39,をの,2,ひらがなパーツ (2句目)
39,のし,2,ひらがなパーツ (2句目)
39,のは,2,ひらがなパーツ (2句目)
39,のはら,3,ひらがなパーツ (2句目)
39,ののし,3,ひらがなパーツ (2句目)
39,はら,2,ひらがなパーツ (2句目)
39,しの,2,漢字パーツ (3句目)
39,ぶれど,3,漢字パーツ (3句目)
40,しの,2,決まり字
40,しのぶ,3,漢字パーツ (1句目)
40,れど,2,漢字パーツ (1句目)
40,ぶれど,3,漢字パーツ (1句目)
40,ぶれ,2,ひらがなパーツ (1句目)
40,色に,2,漢字パーツ (2句目)
40,色に出,3,漢字パーツ (2句目)
40,けり,2,漢字パーツ (2句目)
40,にけり,3,漢字パーツ (2句目)
40,いろ,2,ひらがなパーツ (2句目)
40,にい,2,ひらがなパーツ (2句目)
40,でに,2,ひらがなパーツ (2句目)
40,ろにい,3,ひらがなパーツ (2句目)
40,わが,2,漢字パーツ (3句目)
40,が恋は,3,漢字パーツ (3句目)
40,こひは,3,ひらがなパーツ (3句目)
41,こひ,2,決まり字
41,こい,2,現代語発音（全体）
41,恋す,2,漢字パーツ (1句目)
41,恋すて,3,漢字パーツ (1句目)
41,てふ,2,漢字パーツ (1句目)
41,すてふ,3,漢字パーツ (1句目)
41,すて,2,ひらがなパーツ (1句目)
41,わが,2,漢字パーツ (2句目)
41,わが名,3,漢字パーツ (2句目)
41,だき,2,漢字パーツ (2句目)
41,まだき,3,漢字パーツ (2句目)
41,なは,2,ひらがなパーツ (2句目)
41,まだ,2,ひらがなパーツ (2句目)
41,がなは,3,ひらがなパーツ (2句目)
41,立ち,2,漢字パーツ (3句目)
41,にけり,3,漢字パーツ (3句目)
41,たち,2,ひらがなパーツ (3句目)
42,ちぎりき,4,決まり字
42,契り,2,漢字パーツ (1句目)
42,契りき,3,漢字パーツ (1句目)
42,きな,2,漢字パーツ (1句目)
42,りきな,3,漢字パーツ (1句目)
42,ちぎ,2,ひらがなパーツ (1句目)
42,りき,2,ひらがなパーツ (1句目)
42,かた,2,漢字パーツ (2句目)
42,かたみ,3,漢字パーツ (2句目)
42,袖を,2,漢字パーツ (2句目)
42,に袖を,3,漢字パーツ (2句目)
42,みに,2,ひらがなパーツ (2句目)
42,そで,2,ひらがなパーツ (2句目)
42,そでを,3,ひらがなパーツ (2句目)
42,たみに,3,ひらがなパーツ (2句目)
42,でを,2,ひらがなパーツ (2句目)
42,しぼ,2,漢字パーツ (3句目)
42,りつつ,3,漢字パーツ (3句目)
43,あひ,2,決まり字
43,あい,2,現代語発音（全体）
43,逢ひ,2,漢字パーツ (1句目)
43,逢ひ見,3,漢字パーツ (1句目)
43,ての,2,漢字パーツ (1句目)
43,見ての,3,漢字パーツ (1句目)
43,みて,2,ひらがなパーツ (1句目)
43,みての,3,ひらがなパーツ (1句目)
43,のち,2,漢字パーツ (2句目)
43,のちの,3,漢字パーツ (2句目)
43,心に,2,漢字パーツ (2句目)
43,の心に,3,漢字パーツ (2句目)
43,のこ,2,ひらがなパーツ (2句目)
43,ころ,2,ひらがなパーツ (2句目)
43,ころに,3,ひらがなパーツ (2句目)
43,ちのこ,3,ひらがなパーツ (2句目)
43,ろに,2,ひらがなパーツ (2句目)
43,くら,2,漢字パーツ (3句目)
43,ぶれば,3,漢字パーツ (3句目)
44,あふこ,3,決まり字
44,おおこ,3,現代語発音（全体）
44,逢ふ,2,漢字パーツ (1句目)
44,逢ふこ,3,漢字パーツ (1句目)
44,との,2,漢字パーツ (1句目)
44,ことの,3,漢字パーツ (1句目)
44,あふ,2,ひらがなパーツ (1句目)
44,こと,2,ひらがなパーツ (1句目)
44,絶え,2,漢字パーツ (2句目)
44,絶えて,3,漢字パーツ (2句目)
44,くは,2,漢字パーツ (2句目)
44,なくは,3,漢字パーツ (2句目)
44,たえ,2,ひらがなパーツ (2句目)
44,てし,2,ひらがなパーツ (2句目)
44,なく,2,ひらがなパーツ (2句目)
44,えてし,3,ひらがなパーツ (2句目)
44,なか,2,漢字パーツ (3句目)
44,なかに,3,漢字パーツ (3句目)
45,あはれ,3,決まり字
45,あわれ,3,現代語発音（全体）
45,あは,2,漢字パーツ (1句目)
45,とも,2,漢字パーツ (1句目)
45,れとも,3,漢字パーツ (1句目)
45,れと,2,ひらがなパーツ (1句目)
45,いふ,2,漢字パーツ (2句目)
45,いふべ,3,漢字パーツ (2句目)
45,人は,2,漢字パーツ (2句目)
45,き人は,3,漢字パーツ (2句目)
45,べき,2,ひらがなパーツ (2句目)
45,ひと,2,ひらがなパーツ (2句目)
45,ひとは,3,ひらがなパーツ (2句目)
45,ふべき,3,ひらがなパーツ (2句目)
45,とは,2,ひらがなパーツ (2句目)
45,思ほ,2,漢字パーツ (3句目)
45,ほえで,3,漢字パーツ (3句目)
45,おも,2,ひらがなパーツ (3句目)
46,ゆら,2,決まり字
46,由良,2,漢字パーツ (1句目)
46,由良の,3,漢字パーツ (1句目)
46,門を,2,漢字パーツ (1句目)
46,の門を,3,漢字パーツ (1句目)
46,のと,2,ひらがなパーツ (1句目)
46,のとを,3,ひらがなパーツ (1句目)
46,とを,2,ひらがなパーツ (1句目)
46,渡る,2,漢字パーツ (2句目)
46,渡る舟,3,漢字パーツ (2句目)
46,舟人,2,漢字パーツ (2句目)
46,る舟人,3,漢字パーツ (2句目)
46,わた,2,ひらがなパーツ (2句目)
46,るふ,2,ひらがなパーツ (2句目)
46,なび,2,ひらがなパーツ (2句目)
46,なびと,3,ひらがなパーツ (2句目)
46,たるふ,3,ひらがなパーツ (2句目)
46,びと,2,ひらがなパーツ (2句目)
46,かぢ,2,漢字パーツ (3句目)
46,を絶え,3,漢字パーツ (3句目)
46,をたえ,3,ひらがなパーツ (3句目)
47,やへ,2,決まり字
47,やえ,2,現代語発音（全体）
47,八重,2,漢字パーツ (1句目)
47,八重む,3,漢字パーツ (1句目)
47,ぐら,2,漢字パーツ (1句目)
47,むぐら,3,漢字パーツ (1句目)
47,むぐ,2,ひらがなパーツ (1句目)
47,しげ,2,漢字パーツ (2句目)
47,しげれ,3,漢字パーツ (2句目)
47,宿の,2,漢字パーツ (2句目)
47,る宿の,3,漢字パーツ (2句目)
47,れる,2,ひらがなパーツ (2句目)
47,やど,2,ひらがなパーツ (2句目)
47,やどの,3,ひらがなパーツ (2句目)
47,げれる,3,ひらがなパーツ (2句目)
47,どの,2,ひらがなパーツ (2句目)
47,さび,2,漢字パーツ (3句目)
47,しきに,3,漢字パーツ (3句目)
48,かぜを,3,決まり字
48,風を,2,漢字パーツ (1句目)
48,風をい,3,漢字パーツ (1句目)
48,たみ,2,漢字パーツ (1句目)
48,いたみ,3,漢字パーツ (1句目)
48,かぜ,2,ひらがなパーツ (1句目)
48,をい,2,ひらがなパーツ (1句目)
48,岩う,2,漢字パーツ (2句目)
48,岩うつ,3,漢字パーツ (2句目)
48,波の,2,漢字パーツ (2句目)
48,つ波の,3,漢字パーツ (2句目)
48,いは,2,ひらがなパーツ (2句目)
48,うつ,2,ひらがなパーツ (2句目)
48,なみ,2,ひらがなパーツ (2句目)
48,なみの,3,ひらがなパーツ (2句目)
48,はうつ,3,ひらがなパーツ (2句目)
48,みの,2,ひらがなパーツ (2句目)
48,おの,2,漢字パーツ (3句目)
48,れのみ,3,漢字パーツ (3句目)
49,みかき,3,決まり字
49,御垣,2,漢字パーツ (1句目)
49,御垣守,3,漢字パーツ (1句目)
49,垣守,2,漢字パーツ (1句目)
49,みか,2,ひらがなパーツ (1句目)
49,きも,2,ひらがなパーツ (1句目)
49,きもり,3,ひらがなパーツ (1句目)
49,もり,2,ひらがなパーツ (1句目)
49,衛士,2,漢字パーツ (2句目)
49,衛士の,3,漢字パーツ (2句目)
49,火の,2,漢字パーツ (2句目)
49,く火の,3,漢字パーツ (2句目)
49,ゑじ,2,ひらがなパーツ (2句目)
49,のた,2,ひらがなパーツ (2句目)
49,くひ,2,ひらがなパーツ (2句目)
49,くひの,3,ひらがなパーツ (2句目)
49,じのた,3,ひらがなパーツ (2句目)
49,ひの,2,ひらがなパーツ (2句目)
49,夜は,2,漢字パーツ (3句目)
49,は燃え,3,漢字パーツ (3句目)
49,よる,2,ひらがなパーツ (3句目)
49,はもえ,3,ひらがなパーツ (3句目)
50,きみがためを,6,決まり字
50,君が,2,漢字パーツ (1句目)
50,君がた,3,漢字パーツ (1句目)
50,ため,2,漢字パーツ (1句目)
50,がため,3,漢字パーツ (1句目)
50,きみ,2,ひらがなパーツ (1句目)
50,がた,2,ひらがなパーツ (1句目)
50,惜し,2,漢字パーツ (2句目)
50,惜しか,3,漢字パーツ (2句目)
50,りし,2,漢字パーツ (2句目)
50,ざりし,3,漢字パーツ (2句目)
50,をし,2,ひらがなパーツ (2句目)
50,から,2,ひらがなパーツ (2句目)
50,ざり,2,ひらがなパーツ (2句目)
50,しから,3,ひらがなパーツ (2句目)
50,命さ,2,漢字パーツ (3句目)
50,命さへ,3,漢字パーツ (3句目)
50,いの,2,ひらがなパーツ (3句目)
50,ちさへ,3,ひらがなパーツ (3句目)
51,かく,2,決まり字
51,かくと,3,漢字パーツ (1句目)
51,だに,2,漢字パーツ (1句目)
51,とだに,3,漢字パーツ (1句目)
51,とだ,2,ひらがなパーツ (1句目)
51,えや,2,漢字パーツ (2句目)
51,えやは,3,漢字パーツ (2句目)
51,吹の,2,漢字パーツ (2句目)
51,伊吹の,3,漢字パーツ (2句目)
51,はい,2,ひらがなパーツ (2句目)
51,ぶき,2,ひらがなパーツ (2句目)
51,ぶきの,3,ひらがなパーツ (2句目)
51,やはい,3,ひらがなパーツ (2句目)
51,きの,2,ひらがなパーツ (2句目)
51,さし,2,漢字パーツ (3句目)
51,しも草,3,漢字パーツ (3句目)
51,もぐさ,3,ひらがなパーツ (3句目)
52,あけ,2,決まり字
52,明け,2,漢字パーツ (1句目)
52,明けぬ,3,漢字パーツ (1句目)
52,れば,2,漢字パーツ (1句目)
52,ぬれば,3,漢字パーツ (1句目)
52,ぬれ,2,ひらがなパーツ (1句目)
52,暮る,2,漢字パーツ (2句目)
52,暮るる,3,漢字パーツ (2句目)
52,とは,2,漢字パーツ (2句目)
52,のとは,3,漢字パーツ (2句目)
52,くる,2,ひらがなパーツ (2句目)
52,るも,2,ひらがなパーツ (2句目)
52,のと,2,ひらがなパーツ (2句目)
52,るるも,3,ひらがなパーツ (2句目)
52,知り,2,漢字パーツ (3句目)
52,ながら,3,漢字パーツ (3句目)
52,しり,2,ひらがなパーツ (3句目)
53,なげき,3,決まり字
53,嘆き,2,漢字パーツ (1句目)
53,嘆きつ,3,漢字パーツ (1句目)
53,つつ,2,漢字パーツ (1句目)
53,きつつ,3,漢字パーツ (1句目)
53,なげ,2,ひらがなパーツ (1句目)
53,きつ,2,ひらがなパーツ (1句目)
53,ひと,2,漢字パーツ (2句目)
53,ひとり,3,漢字パーツ (2句目)
53,夜の,2,漢字パーツ (2句目)
53,る夜の,3,漢字パーツ (2句目)
53,りね,2,ひらがなパーツ (2句目)
53,るよ,2,ひらがなパーツ (2句目)
53,るよの,3,ひらがなパーツ (2句目)
53,とりね,3,ひらがなパーツ (2句目)
53,よの,2,ひらがなパーツ (2句目)
53,明く,2,漢字パーツ (3句目)
53,る間は,3,漢字パーツ (3句目)
53,あく,2,ひらがなパーツ (3句目)
53,るまは,3,ひらがなパーツ (3句目)
54,わすれ,3,決まり字
54,忘れ,2,漢字パーツ (1句目)
54,忘れじ,3,漢字パーツ (1句目)
54,じの,2,漢字パーツ (1句目)
54,れじの,3,漢字パーツ (1句目)
54,わす,2,ひらがなパーツ (1句目)
54,れじ,2,ひらがなパーツ (1句目)
54,ゆく,2,漢字パーツ (2句目)
54,ゆく末,3,漢字パーツ (2句目)
54,では,2,漢字パーツ (2句目)
54,までは,3,漢字パーツ (2句目)
54,すゑ,2,ひらがなパーツ (2句目)
54,まで,2,ひらがなパーツ (2句目)
54,くすゑ,3,ひらがなパーツ (2句目)
54,かた,2,漢字パーツ (3句目)
54,ければ,3,漢字パーツ (3句目)
55,たき,2,決まり字
55,滝の,2,漢字パーツ (1句目)
55,滝の音,3,漢字パーツ (1句目)
55,音は,2,漢字パーツ (1句目)
55,の音は,3,漢字パーツ (1句目)
55,のお,2,ひらがなパーツ (1句目)
55,おとは,3,ひらがなパーツ (1句目)
55,とは,2,ひらがなパーツ (1句目)
55,絶え,2,漢字パーツ (2句目)
55,絶えて,3,漢字パーツ (2句目)
55,しく,2,漢字パーツ (2句目)
55,久しく,3,漢字パーツ (2句目)
55,たえ,2,ひらがなパーツ (2句目)
55,てひ,2,ひらがなパーツ (2句目)
55,さし,2,ひらがなパーツ (2句目)
55,さしく,3,ひらがなパーツ (2句目)
55,えてひ,3,ひらがなパーツ (2句目)
55,なり,2,漢字パーツ (3句目)
55,ぬれど,3,漢字パーツ (3句目)
56,あらざ,3,決まり字
56,あら,2,漢字パーツ (1句目)
56,らむ,2,漢字パーツ (1句目)
56,ざらむ,3,漢字パーツ (1句目)
56,ざら,2,ひらがなパーツ (1句目)
56,この,2,漢字パーツ (2句目)
56,この世,3,漢字パーツ (2句目)
56,かの,2,漢字パーツ (2句目)
56,ほかの,3,漢字パーツ (2句目)
56,よの,2,ひらがなパーツ (2句目)
56,ほか,2,ひらがなパーツ (2句目)
56,のよの,3,ひらがなパーツ (2句目)
56,思ひ,2,漢字パーツ (3句目)
56,ひ出に,3,漢字パーツ (3句目)
56,おも,2,ひらがなパーツ (3句目)
56,ひでに,3,ひらがなパーツ (3句目)
57,め,1,決まり字
57,めぐ,2,漢字パーツ (1句目)
57,めぐり,3,漢字パーツ (1句目)
57,ひて,2,漢字パーツ (1句目)
57,逢ひて,3,漢字パーツ (1句目)
57,りあ,2,ひらがなパーツ (1句目)
57,あひて,3,ひらがなパーツ (1句目)
57,見し,2,漢字パーツ (2句目)
57,見しや,3,漢字パーツ (2句目)
57,とも,2,漢字パーツ (2句目)
57,れとも,3,漢字パーツ (2句目)
57,みし,2,ひらがなパーツ (2句目)
57,やそ,2,ひらがなパーツ (2句目)
57,れと,2,ひらがなパーツ (2句目)
57,しやそ,3,ひらがなパーツ (2句目)
57,わか,2,漢字パーツ (3句目)
57,ぬ間に,3,漢字パーツ (3句目)
57,ぬまに,3,ひらがなパーツ (3句目)
58,ありま,3,決まり字
58,有馬,2,漢字パーツ (1句目)
58,有馬山,3,漢字パーツ (1句目)
58,馬山,2,漢字パーツ (1句目)
58,あり,2,ひらがなパーツ (1句目)
58,まや,2,ひらがなパーツ (1句目)
58,まやま,3,ひらがなパーツ (1句目)
58,やま,2,ひらがなパーツ (1句目)
58,猪名,2,漢字パーツ (2句目)
58,猪名の,3,漢字パーツ (2句目)
58,笹原,2,漢字パーツ (2句目)
58,の笹原,3,漢字パーツ (2句目)
58,ゐな,2,ひらがなパーツ (2句目)
58,のさ,2,ひらがなパーツ (2句目)
58,さは,2,ひらがなパーツ (2句目)
58,さはら,3,ひらがなパーツ (2句目)
58,なのさ,3,ひらがなパーツ (2句目)
58,はら,2,ひらがなパーツ (2句目)
58,風吹,2,漢字パーツ (3句目)
58,吹けば,3,漢字パーツ (3句目)
58,かぜ,2,ひらがなパーツ (3句目)
58,ふけば,3,ひらがなパーツ (3句目)
59,やす,2,決まり字
59,やすら,3,漢字パーツ (1句目)
59,はで,2,漢字パーツ (1句目)
59,らはで,3,漢字パーツ (1句目)
59,らは,2,ひらがなパーツ (1句目)
59,寝な,2,漢字パーツ (2句目)
59,寝なま,3,漢字パーツ (2句目)
59,のを,2,漢字パーツ (2句目)
59,ものを,3,漢字パーツ (2句目)
59,ねな,2,ひらがなパーツ (2句目)
59,まし,2,ひらがなパーツ (2句目)
59,もの,2,ひらがなパーツ (2句目)
59,なまし,3,ひらがなパーツ (2句目)
59,さ夜,2,漢字パーツ (3句目)
59,更けて,3,漢字パーツ (3句目)
59,さよ,2,ひらがなパーツ (3句目)
59,ふけて,3,ひらがなパーツ (3句目)
60,おほえ,3,決まり字
60,おおえ,3,現代語発音（全体）
60,大江,2,漢字パーツ (1句目)
60,大江山,3,漢字パーツ (1句目)
60,江山,2,漢字パーツ (1句目)
60,おほ,2,ひらがなパーツ (1句目)
60,えや,2,ひらがなパーツ (1句目)
60,えやま,3,ひらがなパーツ (1句目)
60,やま,2,ひらがなパーツ (1句目)
60,いく,2,漢字パーツ (2句目)
60,いく野,3,漢字パーツ (2句目)
60,道の,2,漢字パーツ (2句目)
60,の道の,3,漢字パーツ (2句目)
60,のの,2,ひらがなパーツ (2句目)
60,みち,2,ひらがなパーツ (2句目)
60,みちの,3,ひらがなパーツ (2句目)
60,くのの,3,ひらがなパーツ (2句目)
60,ちの,2,ひらがなパーツ (2句目)
60,遠け,2,漢字パーツ (3句目)
60,ければ,3,漢字パーツ (3句目)
60,とほ,2,ひらがなパーツ (3句目)
61,いに,2,決まり字
61,いにし,3,漢字パーツ (1句目)
61,への,2,漢字パーツ (1句目)
61,しへの,3,漢字パーツ (1句目)
61,しへ,2,ひらがなパーツ (1句目)
61,奈良,2,漢字パーツ (2句目)
61,奈良の,3,漢字パーツ (2句目)
61,都の,2,漢字パーツ (2句目)
61,の都の,3,漢字パーツ (2句目)
61,なら,2,ひらがなパーツ (2句目)
61,のみ,2,ひらがなパーツ (2句目)
61,やこ,2,ひらがなパーツ (2句目)
61,やこの,3,ひらがなパーツ (2句目)
61,らのみ,3,ひらがなパーツ (2句目)
61,この,2,ひらがなパーツ (2句目)
61,八重,2,漢字パーツ (3句目)
61,八重桜,3,漢字パーツ (3句目)
61,やへ,2,ひらがなパーツ (3句目)
61,ざくら,3,ひらがなパーツ (3句目)
62,よを,2,決まり字
62,よお,2,現代語発音（全体）
62,夜を,2,漢字パーツ (1句目)
62,夜をこ,3,漢字パーツ (1句目)
62,めて,2,漢字パーツ (1句目)
62,こめて,3,漢字パーツ (1句目)
62,こめ,2,ひらがなパーツ (1句目)
62,鳥の,2,漢字パーツ (2句目)
62,鳥の空,3,漢字パーツ (2句目)
62,音は,2,漢字パーツ (2句目)
62,空音は,3,漢字パーツ (2句目)
62,とり,2,ひらがなパーツ (2句目)
62,のそ,2,ひらがなパーツ (2句目)
62,らね,2,ひらがなパーツ (2句目)
62,らねは,3,ひらがなパーツ (2句目)
62,りのそ,3,ひらがなパーツ (2句目)
62,ねは,2,ひらがなパーツ (2句目)
62,謀る,2,漢字パーツ (3句目)
62,るとも,3,漢字パーツ (3句目)
62,はか,2,ひらがなパーツ (3句目)
63,いまは,3,決まり字
63,今は,2,漢字パーツ (1句目)
63,今はた,3,漢字パーツ (1句目)
63,ただ,2,漢字パーツ (1句目)
63,はただ,3,漢字パーツ (1句目)
63,いま,2,ひらがなパーツ (1句目)
63,はた,2,ひらがなパーツ (1句目)
63,思ひ,2,漢字パーツ (2句目)
63,思ひ絶,3,漢字パーツ (2句目)
63,なむ,2,漢字パーツ (2句目)
63,えなむ,3,漢字パーツ (2句目)
63,おも,2,ひらがなパーツ (2句目)
63,ひた,2,ひらがなパーツ (2句目)
63,えな,2,ひらがなパーツ (2句目)
63,もひた,3,ひらがなパーツ (2句目)
63,とば,2,漢字パーツ (3句目)
63,かりを,3,漢字パーツ (3句目)
64,あさぼらけう,6,決まり字
64,朝ぼ,2,漢字パーツ (1句目)
64,朝ぼら,3,漢字パーツ (1句目)
64,らけ,2,漢字パーツ (1句目)
64,ぼらけ,3,漢字パーツ (1句目)
64,あさ,2,ひらがなパーツ (1句目)
64,ぼら,2,ひらがなパーツ (1句目)
64,宇治,2,漢字パーツ (2句目)
64,宇治の,3,漢字パーツ (2句目)
64,川霧,2,漢字パーツ (2句目)
64,の川霧,3,漢字パーツ (2句目)
64,うぢ,2,ひらがなパーツ (2句目)
64,のか,2,ひらがなパーツ (2句目)
64,はぎ,2,ひらがなパーツ (2句目)
64,はぎり,3,ひらがなパーツ (2句目)
64,ぢのか,3,ひらがなパーツ (2句目)
64,ぎり,2,ひらがなパーツ (2句目)
64,たえ,2,漢字パーツ (3句目)
64,だえに,3,漢字パーツ (3句目)
65,うら,2,決まり字
65,恨み,2,漢字パーツ (1句目)
65,恨みわ,3,漢字パーツ (1句目)
65,わび,2,漢字パーツ (1句目)
65,みわび,3,漢字パーツ (1句目)
65,みわ,2,ひらがなパーツ (1句目)
65,ほさ,2,漢字パーツ (2句目)
65,ほさぬ,3,漢字パーツ (2句目)
65,だに,2,漢字パーツ (2句目)
65,袖だに,3,漢字パーツ (2句目)
65,ぬそ,2,ひらがなパーツ (2句目)
65,でだ,2,ひらがなパーツ (2句目)
65,でだに,3,ひらがなパーツ (2句目)
65,さぬそ,3,ひらがなパーツ (2句目)
65,ある,2,漢字パーツ (3句目)
65,ものを,3,漢字パーツ (3句目)
66,もろ,2,決まり字
66,もろと,3,漢字パーツ (1句目)
66,もに,2,漢字パーツ (1句目)
66,ともに,3,漢字パーツ (1句目)
66,とも,2,ひらがなパーツ (1句目)
66,あは,2,漢字パーツ (2句目)
66,あはれ,3,漢字パーツ (2句目)
66,思へ,2,漢字パーツ (2句目)
66,と思へ,3,漢字パーツ (2句目)
66,れと,2,ひらがなパーツ (2句目)
66,おも,2,ひらがなパーツ (2句目)
66,おもへ,3,ひらがなパーツ (2句目)
66,はれと,3,ひらがなパーツ (2句目)
66,もへ,2,ひらがなパーツ (2句目)
66,山桜,2,漢字パーツ (3句目)
66,やま,2,ひらがなパーツ (3句目)
66,ざくら,3,ひらがなパーツ (3句目)
67,はるの,3,決まり字
67,春の,2,漢字パーツ (1句目)
67,春の夜,3,漢字パーツ (1句目)
67,夜の,2,漢字パーツ (1句目)
67,の夜の,3,漢字パーツ (1句目)
67,はる,2,ひらがなパーツ (1句目)
67,のよ,2,ひらがなパーツ (1句目)
67,のよの,3,ひらがなパーツ (1句目)
67,よの,2,ひらがなパーツ (1句目)
67,夢ば,2,漢字パーツ (2句目)
67,夢ばか,3,漢字パーツ (2句目)
67,なる,2,漢字パーツ (2句目)
67,りなる,3,漢字パーツ (2句目)
67,ゆめ,2,ひらがなパーツ (2句目)
67,ばか,2,ひらがなパーツ (2句目)
67,りな,2,ひらがなパーツ (2句目)
67,めばか,3,ひらがなパーツ (2句目)
67,手枕,2,漢字パーツ (3句目)
67,手枕に,3,漢字パーツ (3句目)
67,たま,2,ひらがなパーツ (3句目)
67,くらに,3,ひらがなパーツ (3句目)
68,こころに,4,決まり字
68,心に,2,漢字パーツ (1句目)
68,心にも,3,漢字パーツ (1句目)
68,にも,2,漢字パーツ (1句目)
68,ここ,2,ひらがなパーツ (1句目)
68,ろに,2,ひらがなパーツ (1句目)
68,ろにも,3,ひらがなパーツ (1句目)
68,あら,2,漢字パーツ (2句目)
68,あらで,3,漢字パーツ (2句目)
68,夜に,2,漢字パーツ (2句目)
68,き夜に,3,漢字パーツ (2句目)
68,でう,2,ひらがなパーツ (2句目)
68,きよ,2,ひらがなパーツ (2句目)
68,きよに,3,ひらがなパーツ (2句目)
68,らでう,3,ひらがなパーツ (2句目)
68,よに,2,ひらがなパーツ (2句目)
68,長ら,2,漢字パーツ (3句目)
68,らへば,3,漢字パーツ (3句目)
68,なが,2,ひらがなパーツ (3句目)
69,あらし,3,決まり字
69,嵐吹,2,漢字パーツ (1句目)
69,嵐吹く,3,漢字パーツ (1句目)
69,吹く,2,漢字パーツ (1句目)
69,あら,2,ひらがなパーツ (1句目)
69,しふ,2,ひらがなパーツ (1句目)
69,しふく,3,ひらがなパーツ (1句目)
69,ふく,2,ひらがなパーツ (1句目)
69,三室,2,漢字パーツ (2句目)
69,三室の,3,漢字パーツ (2句目)
69,山の,2,漢字パーツ (2句目)
69,の山の,3,漢字パーツ (2句目)
69,みむ,2,ひらがなパーツ (2句目)
69,ろの,2,ひらがなパーツ (2句目)
69,やま,2,ひらがなパーツ (2句目)
69,やまの,3,ひらがなパーツ (2句目)
69,むろの,3,ひらがなパーツ (2句目)
69,まの,2,ひらがなパーツ (2句目)
69,もみ,2,漢字パーツ (3句目)
69,ぢ葉は,3,漢字パーツ (3句目)
69,ぢばは,3,ひらがなパーツ (3句目)
70,さ,1,決まり字
70,寂し,2,漢字パーツ (1句目)
70,寂しさ,3,漢字パーツ (1句目)
70,さに,2,漢字パーツ (1句目)
70,しさに,3,漢字パーツ (1句目)
70,さび,2,ひらがなパーツ (1句目)
70,しさ,2,ひらがなパーツ (1句目)
70,宿を,2,漢字パーツ (2句目)
70,宿を立,3,漢字パーツ (2句目)
70,でて,2,漢字パーツ (2句目)
70,出でて,3,漢字パーツ (2句目)
70,やど,2,ひらがなパーツ (2句目)
70,をた,2,ひらがなパーツ (2句目)
70,ちい,2,ひらがなパーツ (2句目)
70,いでて,3,ひらがなパーツ (2句目)
70,どをた,3,ひらがなパーツ (2句目)
70,なが,2,漢字パーツ (3句目)
70,むれば,3,漢字パーツ (3句目)
71,ゆふ,2,決まり字
71,ゆう,2,現代語発音（全体）
71,夕さ,2,漢字パーツ (1句目)
71,夕され,3,漢字パーツ (1句目)
71,れば,2,漢字パーツ (1句目)
71,されば,3,漢字パーツ (1句目)
71,され,2,ひらがなパーツ (1句目)
71,門田,2,漢字パーツ (2句目)
71,門田の,3,漢字パーツ (2句目)
71,稲葉,2,漢字パーツ (2句目)
71,の稲葉,3,漢字パーツ (2句目)
71,かど,2,ひらがなパーツ (2句目)
71,たの,2,ひらがなパーツ (2句目)
71,いな,2,ひらがなパーツ (2句目)
71,いなば,3,ひらがなパーツ (2句目)
71,どたの,3,ひらがなパーツ (2句目)
71,なば,2,ひらがなパーツ (2句目)
71,訪れ,2,漢字パーツ (3句目)
71,訪れて,3,漢字パーツ (3句目)
71,おと,2,ひらがなパーツ (3句目)
71,づれて,3,ひらがなパーツ (3句目)
72,おと,2,決まり字
72,音に,2,漢字パーツ (1句目)
72,音に聞,3,漢字パーツ (1句目)
72,聞く,2,漢字パーツ (1句目)
72,に聞く,3,漢字パーツ (1句目)
72,にき,2,ひらがなパーツ (1句目)
72,にきく,3,ひらがなパーツ (1句目)
72,きく,2,ひらがなパーツ (1句目)
72,高師,2,漢字パーツ (2句目)
72,高師の,3,漢字パーツ (2句目)
72,浜の,2,漢字パーツ (2句目)
72,の浜の,3,漢字パーツ (2句目)
72,たか,2,ひらがなパーツ (2句目)
72,しの,2,ひらがなパーツ (2句目)
72,はま,2,ひらがなパーツ (2句目)
72,はまの,3,ひらがなパーツ (2句目)
72,かしの,3,ひらがなパーツ (2句目)
72,まの,2,ひらがなパーツ (2句目)
72,あだ,2,漢字パーツ (3句目)
72,だ波は,3,漢字パーツ (3句目)
72,なみは,3,ひらがなパーツ (3句目)
73,たか,2,決まり字
73,高砂,2,漢字パーツ (1句目)
73,高砂の,3,漢字パーツ (1句目)
73,砂の,2,漢字パーツ (1句目)
73,さご,2,ひらがなパーツ (1句目)
73,さごの,3,ひらがなパーツ (1句目)
73,ごの,2,ひらがなパーツ (1句目)
73,尾の,2,漢字パーツ (2句目)
73,尾の上,3,漢字パーツ (2句目)
73,の桜,2,漢字パーツ (2句目)
73,上の桜,3,漢字パーツ (2句目)
73,をの,2,ひらがなパーツ (2句目)
73,への,2,ひらがなパーツ (2句目)
73,さく,2,ひらがなパーツ (2句目)
73,さくら,3,ひらがなパーツ (2句目)
73,のへの,3,ひらがなパーツ (2句目)
73,くら,2,ひらがなパーツ (2句目)
73,咲き,2,漢字パーツ (3句目)
73,にけり,3,漢字パーツ (3句目)
73,さき,2,ひらがなパーツ (3句目)
74,うか,2,決まり字
74,憂か,2,漢字パーツ (1句目)
74,憂かり,3,漢字パーツ (1句目)
74,ける,2,漢字パーツ (1句目)
74,りける,3,漢字パーツ (1句目)
74,りけ,2,ひらがなパーツ (1句目)
74,人を,2,漢字パーツ (2句目)
74,人を初,3,漢字パーツ (2句目)
74,瀬の,2,漢字パーツ (2句目)
74,初瀬の,3,漢字パーツ (2句目)
74,ひと,2,ひらがなパーツ (2句目)
74,をは,2,ひらがなパーツ (2句目)
74,つせ,2,ひらがなパーツ (2句目)
74,つせの,3,ひらがなパーツ (2句目)
74,とをは,3,ひらがなパーツ (2句目)
74,せの,2,ひらがなパーツ (2句目)
74,山お,2,漢字パーツ (3句目)
74,ろしよ,3,漢字パーツ (3句目)
74,やま,2,ひらがなパーツ (3句目)
75,ちぎりお,4,決まり字
75,契り,2,漢字パーツ (1句目)
75,契りお,3,漢字パーツ (1句目)
75,きし,2,漢字パーツ (1句目)
75,おきし,3,漢字パーツ (1句目)
75,ちぎ,2,ひらがなパーツ (1句目)
75,りお,2,ひらがなパーツ (1句目)
75,させ,2,漢字パーツ (2句目)
75,させも,3,漢字パーツ (2句目)
75,露を,2,漢字パーツ (2句目)
75,が露を,3,漢字パーツ (2句目)
75,もが,2,ひらがなパーツ (2句目)
75,つゆ,2,ひらがなパーツ (2句目)
75,つゆを,3,ひらがなパーツ (2句目)
75,せもが,3,ひらがなパーツ (2句目)
75,ゆを,2,ひらがなパーツ (2句目)
75,命に,2,漢字パーツ (3句目)
75,命にて,3,漢字パーツ (3句目)
75,いの,2,ひらがなパーツ (3句目)
75,ちにて,3,ひらがなパーツ (3句目)
76,わたのはらこ,6,決まり字
76,わた,2,漢字パーツ (1句目)
76,わたの,3,漢字パーツ (1句目)
76,の原,2,漢字パーツ (1句目)
76,たの原,3,漢字パーツ (1句目)
76,のは,2,ひらがなパーツ (1句目)
76,のはら,3,ひらがなパーツ (1句目)
76,はら,2,ひらがなパーツ (1句目)
76,漕ぎ,2,漢字パーツ (2句目)
76,漕ぎ出,3,漢字パーツ (2句目)
76,れば,2,漢字パーツ (2句目)
76,見れば,3,漢字パーツ (2句目)
76,こぎ,2,ひらがなパーツ (2句目)
76,いで,2,ひらがなパーツ (2句目)
76,てみ,2,ひらがなパーツ (2句目)
76,みれば,3,ひらがなパーツ (2句目)
76,ぎいで,3,ひらがなパーツ (2句目)
76,ひさ,2,漢字パーツ (3句目)
76,かたの,3,漢字パーツ (3句目)
77,せ,1,決まり字
77,瀬を,2,漢字パーツ (1句目)
77,瀬をは,3,漢字パーツ (1句目)
77,やみ,2,漢字パーツ (1句目)
77,はやみ,3,漢字パーツ (1句目)
77,せを,2,ひらがなパーツ (1句目)
77,はや,2,ひらがなパーツ (1句目)
77,岩に,2,漢字パーツ (2句目)
77,岩にせ,3,漢字パーツ (2句目)
77,るる,2,漢字パーツ (2句目)
77,かるる,3,漢字パーツ (2句目)
77,いは,2,ひらがなパーツ (2句目)
77,にせ,2,ひらがなパーツ (2句目)
77,かる,2,ひらがなパーツ (2句目)
77,はにせ,3,ひらがなパーツ (2句目)
77,滝川,2,漢字パーツ (3句目)
77,滝川の,3,漢字パーツ (3句目)
77,たき,2,ひらがなパーツ (3句目)
77,がはの,3,ひらがなパーツ (3句目)
78,あはぢ,3,決まり字
78,あわじ,3,現代語発音（全体）
78,淡路,2,漢字パーツ (1句目)
78,淡路島,3,漢字パーツ (1句目)
78,路島,2,漢字パーツ (1句目)
78,あは,2,ひらがなパーツ (1句目)
78,ぢし,2,ひらがなパーツ (1句目)
78,ぢしま,3,ひらがなパーツ (1句目)
78,しま,2,ひらがなパーツ (1句目)
78,通ふ,2,漢字パーツ (2句目)
78,通ふ千,3,漢字パーツ (2句目)
78,鳥の,2,漢字パーツ (2句目)
78,千鳥の,3,漢字パーツ (2句目)
78,かよ,2,ひらがなパーツ (2句目)
78,ふち,2,ひらがなパーツ (2句目)
78,どり,2,ひらがなパーツ (2句目)
78,どりの,3,ひらがなパーツ (2句目)
78,よふち,3,ひらがなパーツ (2句目)
78,りの,2,ひらがなパーツ (2句目)
78,鳴く,2,漢字パーツ (3句目)
78,く声に,3,漢字パーツ (3句目)
78,なく,2,ひらがなパーツ (3句目)
78,こゑに,3,ひらがなパーツ (3句目)
79,あきか,3,決まり字
79,秋風,2,漢字パーツ (1句目)
79,秋風に,3,漢字パーツ (1句目)
79,風に,2,漢字パーツ (1句目)
79,あき,2,ひらがなパーツ (1句目)
79,かぜ,2,ひらがなパーツ (1句目)
79,かぜに,3,ひらがなパーツ (1句目)
79,ぜに,2,ひらがなパーツ (1句目)
79,たな,2,漢字パーツ (2句目)
79,たなび,3,漢字パーツ (2句目)
79,雲の,2,漢字パーツ (2句目)
79,く雲の,3,漢字パーツ (2句目)
79,びく,2,ひらがなパーツ (2句目)
79,くも,2,ひらがなパーツ (2句目)
79,くもの,3,ひらがなパーツ (2句目)
79,なびく,3,ひらがなパーツ (2句目)
79,もの,2,ひらがなパーツ (2句目)
79,絶え,2,漢字パーツ (3句目)
79,間より,3,漢字パーツ (3句目)
79,たえ,2,ひらがなパーツ (3句目)
79,まより,3,ひらがなパーツ (3句目)
80,ながか,3,決まり字
80,長か,2,漢字パーツ (1句目)
80,長から,3,漢字パーツ (1句目)
80,らむ,2,漢字パーツ (1句目)
80,からむ,3,漢字パーツ (1句目)
80,なが,2,ひらがなパーツ (1句目)
80,から,2,ひらがなパーツ (1句目)
80,心も,2,漢字パーツ (2句目)
80,心も知,3,漢字パーツ (2句目)
80,らず,2,漢字パーツ (2句目)
80,知らず,3,漢字パーツ (2句目)
80,ここ,2,ひらがなパーツ (2句目)
80,ろも,2,ひらがなパーツ (2句目)
80,しら,2,ひらがなパーツ (2句目)
80,しらず,3,ひらがなパーツ (2句目)
80,ころも,3,ひらがなパーツ (2句目)
80,黒髪,2,漢字パーツ (3句目)
80,黒髪の,3,漢字パーツ (3句目)
80,くろ,2,ひらがなパーツ (3句目)
80,かみの,3,ひらがなパーツ (3句目)
81,ほ,1,決まり字
81,ほと,2,漢字パーツ (1句目)
81,ほとと,3,漢字パーツ (1句目)
81,ぎす,2,漢字パーツ (1句目)
81,とぎす,3,漢字パーツ (1句目)
81,とぎ,2,ひらがなパーツ (1句目)
81,鳴き,2,漢字パーツ (2句目)
81,鳴きつ,3,漢字パーツ (2句目)
81,方を,2,漢字パーツ (2句目)
81,る方を,3,漢字パーツ (2句目)
81,なき,2,ひらがなパーツ (2句目)
81,つる,2,ひらがなパーツ (2句目)
81,かた,2,ひらがなパーツ (2句目)
81,かたを,3,ひらがなパーツ (2句目)
81,きつる,3,ひらがなパーツ (2句目)
81,たを,2,ひらがなパーツ (2句目)
81,なが,2,漢字パーツ (3句目)
81,むれば,3,漢字パーツ (3句目)
82,おもひ,3,決まり字
82,おもい,3,現代語発音（全体）
82,思ひ,2,漢字パーツ (1句目)
82,思ひわ,3,漢字パーツ (1句目)
82,わび,2,漢字パーツ (1句目)
82,ひわび,3,漢字パーツ (1句目)
82,おも,2,ひらがなパーツ (1句目)
82,ひわ,2,ひらがなパーツ (1句目)
82,さて,2,漢字パーツ (2句目)
82,さても,3,漢字パーツ (2句目)
82,命は,2,漢字パーツ (2句目)
82,も命は,3,漢字パーツ (2句目)
82,もい,2,ひらがなパーツ (2句目)
82,のち,2,ひらがなパーツ (2句目)
82,のちは,3,ひらがなパーツ (2句目)
82,てもい,3,ひらがなパーツ (2句目)
82,ちは,2,ひらがなパーツ (2句目)
82,ある,2,漢字パーツ (3句目)
82,ものを,3,漢字パーツ (3句目)
83,よのなかよ,5,決まり字
83,世の,2,漢字パーツ (1句目)
83,世の中,3,漢字パーツ (1句目)
83,中よ,2,漢字パーツ (1句目)
83,の中よ,3,漢字パーツ (1句目)
83,よの,2,ひらがなパーツ (1句目)
83,なか,2,ひらがなパーツ (1句目)
83,なかよ,3,ひらがなパーツ (1句目)
83,かよ,2,ひらがなパーツ (1句目)
83,道こ,2,漢字パーツ (2句目)
83,道こそ,3,漢字パーツ (2句目)
83,けれ,2,漢字パーツ (2句目)
83,なけれ,3,漢字パーツ (2句目)
83,みち,2,ひらがなパーツ (2句目)
83,こそ,2,ひらがなパーツ (2句目)
83,なけ,2,ひらがなパーツ (2句目)
83,ちこそ,3,ひらがなパーツ (2句目)
83,思ひ,2,漢字パーツ (3句目)
83,ひ入る,3,漢字パーツ (3句目)
83,おも,2,ひらがなパーツ (3句目)
83,ひいる,3,ひらがなパーツ (3句目)
84,ながら,3,決まり字
84,長ら,2,漢字パーツ (1句目)
84,長らへ,3,漢字パーツ (1句目)
84,へば,2,漢字パーツ (1句目)
84,らへば,3,漢字パーツ (1句目)
84,なが,2,ひらがなパーツ (1句目)
84,らへ,2,ひらがなパーツ (1句目)
84,また,2,漢字パーツ (2句目)
84,またこ,3,漢字パーツ (2句目)
84,ろや,2,漢字パーツ (2句目)
84,ごろや,3,漢字パーツ (2句目)
84,この,2,ひらがなパーツ (2句目)
84,ごろ,2,ひらがなパーツ (2句目)
84,たこの,3,ひらがなパーツ (2句目)
84,しの,2,漢字パーツ (3句目)
84,ばれむ,3,漢字パーツ (3句目)
85,よも,2,決まり字
85,夜も,2,漢字パーツ (1句目)
85,夜もす,3,漢字パーツ (1句目)
85,がら,2,漢字パーツ (1句目)
85,すがら,3,漢字パーツ (1句目)
85,すが,2,ひらがなパーツ (1句目)
85,物思,2,漢字パーツ (2句目)
85,物思ふ,3,漢字パーツ (2句目)
85,ろは,2,漢字パーツ (2句目)
85,ころは,3,漢字パーツ (2句目)
85,もの,2,ひらがなパーツ (2句目)
85,おも,2,ひらがなパーツ (2句目)
85,ふこ,2,ひらがなパーツ (2句目)
85,のおも,3,ひらがなパーツ (2句目)
85,明け,2,漢字パーツ (3句目)
85,やらで,3,漢字パーツ (3句目)
85,あけ,2,ひらがなパーツ (3句目)
86,なげけ,3,決まり字
86,嘆け,2,漢字パーツ (1句目)
86,嘆けと,3,漢字パーツ (1句目)
86,とて,2,漢字パーツ (1句目)
86,けとて,3,漢字パーツ (1句目)
86,なげ,2,ひらがなパーツ (1句目)
86,けと,2,ひらがなパーツ (1句目)
86,月や,2,漢字パーツ (2句目)
86,月やは,3,漢字パーツ (2句目)
86,物を,2,漢字パーツ (2句目)
86,は物を,3,漢字パーツ (2句目)
86,つき,2,ひらがなパーツ (2句目)
86,やは,2,ひらがなパーツ (2句目)
86,もの,2,ひらがなパーツ (2句目)
86,ものを,3,ひらがなパーツ (2句目)
86,きやは,3,ひらがなパーツ (2句目)
86,のを,2,ひらがなパーツ (2句目)
86,思は,2,漢字パーツ (3句目)
86,はする,3,漢字パーツ (3句目)
86,おも,2,ひらがなパーツ (3句目)
87,む,1,決まり字
87,村雨,2,漢字パーツ (1句目)
87,村雨の,3,漢字パーツ (1句目)
87,雨の,2,漢字パーツ (1句目)
87,むら,2,ひらがなパーツ (1句目)
87,さめ,2,ひらがなパーツ (1句目)
87,さめの,3,ひらがなパーツ (1句目)
87,めの,2,ひらがなパーツ (1句目)
87,露も,2,漢字パーツ (2句目)
87,露もま,3,漢字パーツ (2句目)
87,干ぬ,2,漢字パーツ (2句目)
87,だ干ぬ,3,漢字パーツ (2句目)
87,つゆ,2,ひらがなパーツ (2句目)
87,もま,2,ひらがなパーツ (2句目)
87,だひ,2,ひらがなパーツ (2句目)
87,だひぬ,3,ひらがなパーツ (2句目)
87,ゆもま,3,ひらがなパーツ (2句目)
87,ひぬ,2,ひらがなパーツ (2句目)
87,真木,2,漢字パーツ (3句目)
87,の葉に,3,漢字パーツ (3句目)
87,まき,2,ひらがなパーツ (3句目)
87,のはに,3,ひらがなパーツ (3句目)
88,なにはえ,4,決まり字
88,難波,2,漢字パーツ (1句目)
88,難波江,3,漢字パーツ (1句目)
88,江の,2,漢字パーツ (1句目)
88,波江の,3,漢字パーツ (1句目)
88,なに,2,ひらがなパーツ (1句目)
88,はえ,2,ひらがなパーツ (1句目)
88,はえの,3,ひらがなパーツ (1句目)
88,えの,2,ひらがなパーツ (1句目)
88,蘆の,2,漢字パーツ (2句目)
88,蘆のか,3,漢字パーツ (2句目)
88,ねの,2,漢字パーツ (2句目)
88,りねの,3,漢字パーツ (2句目)
88,あし,2,ひらがなパーツ (2句目)
88,のか,2,ひらがなパーツ (2句目)
88,りね,2,ひらがなパーツ (2句目)
88,しのか,3,ひらがなパーツ (2句目)
88,ひと,2,漢字パーツ (3句目)
88,よゆゑ,3,漢字パーツ (3句目)
89,たま,2,決まり字
89,玉の,2,漢字パーツ (1句目)
89,玉の緒,3,漢字パーツ (1句目)
89,緒よ,2,漢字パーツ (1句目)
89,の緒よ,3,漢字パーツ (1句目)
89,のを,2,ひらがなパーツ (1句目)
89,のをよ,3,ひらがなパーツ (1句目)
89,をよ,2,ひらがなパーツ (1句目)
89,絶え,2,漢字パーツ (2句目)
89,絶えな,3,漢字パーツ (2句目)
89,えね,2,漢字パーツ (2句目)
89,絶えね,3,漢字パーツ (2句目)
89,たえ,2,ひらがなパーツ (2句目)
89,なば,2,ひらがなパーツ (2句目)
89,たえね,3,ひらがなパーツ (2句目)
89,えなば,3,ひらがなパーツ (2句目)
89,なが,2,漢字パーツ (3句目)
89,らへば,3,漢字パーツ (3句目)
90,みせ,2,決まり字
90,見せ,2,漢字パーツ (1句目)
90,見せば,3,漢字パーツ (1句目)
90,やな,2,漢字パーツ (1句目)
90,ばやな,3,漢字パーツ (1句目)
90,ばや,2,ひらがなパーツ (1句目)
90,雄島,2,漢字パーツ (2句目)
90,雄島の,3,漢字パーツ (2句目)
90,人の,2,漢字パーツ (2句目)
90,海人の,3,漢字パーツ (2句目)
90,をじ,2,ひらがなパーツ (2句目)
90,まの,2,ひらがなパーツ (2句目)
90,あま,2,ひらがなパーツ (2句目)
90,あまの,3,ひらがなパーツ (2句目)
90,じまの,3,ひらがなパーツ (2句目)
90,袖だ,2,漢字パーツ (3句目)
90,だにも,3,漢字パーツ (3句目)
90,そで,2,ひらがなパーツ (3句目)
91,きり,2,決まり字
91,きりぎ,3,漢字パーツ (1句目)
91,りす,2,漢字パーツ (1句目)
91,ぎりす,3,漢字パーツ (1句目)
91,ぎり,2,ひらがなパーツ (1句目)
91,鳴く,2,漢字パーツ (2句目)
91,鳴くや,3,漢字パーツ (2句目)
91,夜の,2,漢字パーツ (2句目)
91,霜夜の,3,漢字パーツ (2句目)
91,なく,2,ひらがなパーツ (2句目)
91,やし,2,ひらがなパーツ (2句目)
91,もよ,2,ひらがなパーツ (2句目)
91,もよの,3,ひらがなパーツ (2句目)
91,くやし,3,ひらがなパーツ (2句目)
91,よの,2,ひらがなパーツ (2句目)
91,さむ,2,漢字パーツ (3句目)
91,しろに,3,漢字パーツ (3句目)
92,わがそ,3,決まり字
92,わが,2,漢字パーツ (1句目)
92,わが袖,3,漢字パーツ (1句目)
92,袖は,2,漢字パーツ (1句目)
92,が袖は,3,漢字パーツ (1句目)
92,そで,2,ひらがなパーツ (1句目)
92,そでは,3,ひらがなパーツ (1句目)
92,では,2,ひらがなパーツ (1句目)
92,潮干,2,漢字パーツ (2句目)
92,潮干に,3,漢字パーツ (2句目)
92,えぬ,2,漢字パーツ (2句目)
92,見えぬ,3,漢字パーツ (2句目)
92,しほ,2,ひらがなパーツ (2句目)
92,ひに,2,ひらがなパーツ (2句目)
92,みえ,2,ひらがなパーツ (2句目)
92,みえぬ,3,ひらがなパーツ (2句目)
92,ほひに,3,ひらがなパーツ (2句目)
92,沖の,2,漢字パーツ (3句目)
92,の石の,3,漢字パーツ (3句目)
92,おき,2,ひらがなパーツ (3句目)
92,いしの,3,ひらがなパーツ (3句目)
93,よのなかは,5,決まり字
93,世の,2,漢字パーツ (1句目)
93,世の中,3,漢字パーツ (1句目)
93,中は,2,漢字パーツ (1句目)
93,の中は,3,漢字パーツ (1句目)
93,よの,2,ひらがなパーツ (1句目)
93,なか,2,ひらがなパーツ (1句目)
93,なかは,3,ひらがなパーツ (1句目)
93,かは,2,ひらがなパーツ (1句目)
93,常に,2,漢字パーツ (2句目)
93,常にも,3,漢字パーツ (2句目)
93,もな,2,漢字パーツ (2句目)
93,がもな,3,漢字パーツ (2句目)
93,つね,2,ひらがなパーツ (2句目)
93,にも,2,ひらがなパーツ (2句目)
93,がも,2,ひらがなパーツ (2句目)
93,ねにも,3,ひらがなパーツ (2句目)
93,渚漕,2,漢字パーツ (3句目)
93,渚漕ぐ,3,漢字パーツ (3句目)
93,なぎ,2,ひらがなパーツ (3句目)
93,さこぐ,3,ひらがなパーツ (3句目)
94,みよ,2,決まり字
94,み吉,2,漢字パーツ (1句目)
94,み吉野,3,漢字パーツ (1句目)
94,野の,2,漢字パーツ (1句目)
94,吉野の,3,漢字パーツ (1句目)
94,しの,2,ひらがなパーツ (1句目)
94,しのの,3,ひらがなパーツ (1句目)
94,のの,2,ひらがなパーツ (1句目)
94,山の,2,漢字パーツ (2句目)
94,山の秋,3,漢字パーツ (2句目)
94,秋風,2,漢字パーツ (2句目)
94,の秋風,3,漢字パーツ (2句目)
94,やま,2,ひらがなパーツ (2句目)
94,のあ,2,ひらがなパーツ (2句目)
94,きか,2,ひらがなパーツ (2句目)
94,きかぜ,3,ひらがなパーツ (2句目)
94,まのあ,3,ひらがなパーツ (2句目)
94,かぜ,2,ひらがなパーツ (2句目)
94,さよ,2,漢字パーツ (3句目)
94,更けて,3,漢字パーツ (3句目)
94,ふけて,3,ひらがなパーツ (3句目)
95,おほけ,3,決まり字
95,おおけ,3,現代語発音（全体）
95,おほ,2,漢字パーツ (1句目)
95,なく,2,漢字パーツ (1句目)
95,けなく,3,漢字パーツ (1句目)
95,けな,2,ひらがなパーツ (1句目)
95,憂き,2,漢字パーツ (2句目)
95,憂き世,3,漢字パーツ (2句目)
95,民に,2,漢字パーツ (2句目)
95,の民に,3,漢字パーツ (2句目)
95,うき,2,ひらがなパーツ (2句目)
95,よの,2,ひらがなパーツ (2句目)
95,たみ,2,ひらがなパーツ (2句目)
95,たみに,3,ひらがなパーツ (2句目)
95,きよの,3,ひらがなパーツ (2句目)
95,みに,2,ひらがなパーツ (2句目)
95,ふかな,3,漢字パーツ (3句目)
96,はなさ,3,決まり字
96,花さ,2,漢字パーツ (1句目)
96,花さそ,3,漢字パーツ (1句目)
96,そふ,2,漢字パーツ (1句目)
96,さそふ,3,漢字パーツ (1句目)
96,はな,2,ひらがなパーツ (1句目)
96,さそ,2,ひらがなパーツ (1句目)
96,嵐の,2,漢字パーツ (2句目)
96,嵐の庭,3,漢字パーツ (2句目)
96,庭の,2,漢字パーツ (2句目)
96,の庭の,3,漢字パーツ (2句目)
96,あら,2,ひらがなパーツ (2句目)
96,しの,2,ひらがなパーツ (2句目)
96,には,2,ひらがなパーツ (2句目)
96,にはの,3,ひらがなパーツ (2句目)
96,らしの,3,ひらがなパーツ (2句目)
96,はの,2,ひらがなパーツ (2句目)
96,雪な,2,漢字パーツ (3句目)
96,ならで,3,漢字パーツ (3句目)
96,ゆき,2,ひらがなパーツ (3句目)
97,こぬ,2,決まり字
97,来ぬ,2,漢字パーツ (1句目)
97,来ぬ人,3,漢字パーツ (1句目)
97,人を,2,漢字パーツ (1句目)
97,ぬ人を,3,漢字パーツ (1句目)
97,ひと,2,ひらがなパーツ (1句目)
97,ひとを,3,ひらがなパーツ (1句目)
97,とを,2,ひらがなパーツ (1句目)
97,松帆,2,漢字パーツ (2句目)
97,松帆の,3,漢字パーツ (2句目)
97,浦の,2,漢字パーツ (2句目)
97,の浦の,3,漢字パーツ (2句目)
97,まつ,2,ひらがなパーツ (2句目)
97,ほの,2,ひらがなパーツ (2句目)
97,うら,2,ひらがなパーツ (2句目)
97,うらの,3,ひらがなパーツ (2句目)
97,つほの,3,ひらがなパーツ (2句目)
97,らの,2,ひらがなパーツ (2句目)
97,夕な,2,漢字パーツ (3句目)
97,なぎに,3,漢字パーツ (3句目)
97,ゆふ,2,ひらがなパーツ (3句目)
98,かぜそ,3,決まり字
98,風そ,2,漢字パーツ (1句目)
98,風そよ,3,漢字パーツ (1句目)
98,よぐ,2,漢字パーツ (1句目)
98,そよぐ,3,漢字パーツ (1句目)
98,かぜ,2,ひらがなパーツ (1句目)
98,そよ,2,ひらがなパーツ (1句目)
98,楢の,2,漢字パーツ (2句目)
98,楢の小,3,漢字パーツ (2句目)
98,川の,2,漢字パーツ (2句目)
98,小川の,3,漢字パーツ (2句目)
98,なら,2,ひらがなパーツ (2句目)
98,のを,2,ひらがなパーツ (2句目)
98,がは,2,ひらがなパーツ (2句目)
98,がはの,3,ひらがなパーツ (2句目)
98,らのを,3,ひらがなパーツ (2句目)
98,はの,2,ひらがなパーツ (2句目)
98,夕暮,2,漢字パーツ (3句目)
98,夕暮は,3,漢字パーツ (3句目)
98,ゆふ,2,ひらがなパーツ (3句目)
98,ぐれは,3,ひらがなパーツ (3句目)
99,ひとも,3,決まり字
99,人も,2,漢字パーツ (1句目)
99,人も惜,3,漢字パーツ (1句目)
99,惜し,2,漢字パーツ (1句目)
99,も惜し,3,漢字パーツ (1句目)
99,ひと,2,ひらがなパーツ (1句目)
99,もを,2,ひらがなパーツ (1句目)
99,もをし,3,ひらがなパーツ (1句目)
99,をし,2,ひらがなパーツ (1句目)
99,人も恨,3,漢字パーツ (2句目)
99,めし,2,漢字パーツ (2句目)
99,恨めし,3,漢字パーツ (2句目)
99,もう,2,ひらがなパーツ (2句目)
99,らめ,2,ひらがなパーツ (2句目)
99,らめし,3,ひらがなパーツ (2句目)
99,ともう,3,ひらがなパーツ (2句目)
99,あぢ,2,漢字パーツ (3句目)
99,きなく,3,漢字パーツ (3句目)
100,もも,2,決まり字
100,百敷,2,漢字パーツ (1句目)
100,百敷や,3,漢字パーツ (1句目)
100,敷や,2,漢字パーツ (1句目)
100,しき,2,ひらがなパーツ (1句目)
100,しきや,3,ひらがなパーツ (1句目)
100,きや,2,ひらがなパーツ (1句目)
100,古き,2,漢字パーツ (2句目)
100,古き軒,3,漢字パーツ (2句目)
100,端の,2,漢字パーツ (2句目)
100,軒端の,3,漢字パーツ (2句目)
100,ふる,2,ひらがなパーツ (2句目)
100,きの,2,ひらがなパーツ (2句目)
100,きば,2,ひらがなパーツ (2句目)
100,きばの,3,ひらがなパーツ (2句目)
100,るきの,3,ひらがなパーツ (2句目)
100,ばの,2,ひらがなパーツ (2句目)
100,しの,2,漢字パーツ (3句目)
100,ぶにも,3,漢字パーツ (3句目)
0,なにわづ,4,決まり字
0,難波,2,漢字パーツ (1句目)
0,難波津,3,漢字パーツ (1句目)
0,の花,2,漢字パーツ (1句目)
0,この花,3,漢字パーツ (1句目)
0,なに,2,ひらがなパーツ (1句目)
0,わづ,2,ひらがなパーツ (1句目)
0,わづに,3,ひらがなパーツ (1句目)
0,づに,2,ひらがなパーツ (1句目)
0,冬ご,2,漢字パーツ (2句目)
0,冬ごも,3,漢字パーツ (2句目)
0,さく,2,ひらがなパーツ (2句目)
0,やこ,2,ひらがなパーツ (2句目)
0,のは,2,ひらがなパーツ (2句目)
0,のはな,3,ひらがなパーツ (2句目)
0,くやこ,3,ひらがなパーツ (2句目)
0,はな,2,ひらがなパーツ (2句目)
0,ふゆ,2,ひらがなパーツ (3句目)
0,ごもり,3,ひらがなパーツ (3句目)
0,いま,2,ひらがなパーツ (4句目)
0,るべと,3,ひらがなパーツ (4句目)
