1,ぬ,て,わ
,れ,は,が
,つ,つ,こ
,つ,ゆ,ろ
,,に,も
2,か,て,こ
,ぐ,ふ,ろ
,や,あ,も
,ま,ま,ほ
,,の,す
3,か,よ,な
,も,を,か
,ね,ひ,な
,む,と,か
,,り,し
4,ふ,ね,ふ
,り,に,し
,つ,ゆ,の
,つ,き,た
,,は,か
5,か,き,こ
,な,そ,ゑ
,し,あ,き
,き,き,く
,,は,と
6,け,れ,し
,に,は,ろ
,け,よ,き
,る,そ,を
,,ふ,み
7,つ,ま,み
,き,に,か
,か,い,さ
,も,て,の
,,し,や
8,い,ま,よ
,ふ,と,を
,な,ひ,う
,り,と,ち
,,は,や
9,せ,ふ,わ
,し,る,か
,ま,な,み
,に,か,よ
,,め,に
10,か,ぬ,し
,の,も,る
,せ,あ,も
,き,ふ,し
,,さ,ら
11,つ,け,ひ
,り,よ,と
,ぶ,あ,に
,ね,ま,は
,,の,つ
12,と,か,を
,と,た,と
,め,し,め
,む,は,の
,,し,す
13,な,り,こ
,り,て,ひ
,ぬ,ふ,そ
,る,ち,つ
,,と,も
14,ら,に,み
,な,し,た
,く,わ,れ
,に,れ,そ
,,な,め
15,ふ,て,わ
,り,に,か
,つ,ゆ,こ
,つ,き,ろ
,,は,も
16,へ,か,ま
,り,は,つ
,こ,い,と
,む,ま,し
,,か,き
17,く,ゐ,か
,る,に,ら
,と,み,く
,は,つ,れ
,,く,な
18,よ,ひ,ゆ
,く,ち,め
,ら,ひ,の
,む,と,か
,,め,よ
19,て,よ,あ
,よ,を,は
,と,す,て
,や,く,こ
,,し,の
20,と,て,み
,そ,も,を
,お,あ,つ
,も,は,く
,ふ,む,し
21,い,つ,あ
,て,き,り
,つ,を,あ
,る,ま,け
,か,ち,の
,な,,
22,と,せ,む
,い,を,へ
,ふ,あ,や
,ら,ら,ま
,む,し,か
23,は,つ,わ
,あ,の,か
,ら,あ,み
,ね,き,ひ
,と,に,と
24,ま,し,も
,に,き,み
,ま,か,ち
,に,み,の
,,の,に
25,し,れ,ひ
,も,て,と
,か,く,に
,な,る,し
,,よ,ら
26,ま,ひ,い
,た,の,ま
,な,み,ひ
,む,ゆ,と
,,き,た
27,か,て,い
,る,か,つ
,ら,こ,み
,む,ひ,き
,,し,と
28,と,さ,ひ
,お,も,と
,も,か,め
,へ,れ,も
,は,ぬ,く
29,く,せ,お
,の,る,き
,は,し,ま
,な,ら,と
,,き,は
30,の,か,あ
,は,り,か
,な,う,つ
,し,き,き
,,も,は
31,し,と,よ
,ら,に,し
,ゆ,ふ,の
,き,れ,の
,,る,さ
32,な,え,な
,り,ぬ,か
,け,も,れ
,り,み,も
,,ち,あ
33,ち,な,し
,る,く,つ
,ら,は,こ
,む,な,こ
,,の,ろ
34,ら,し,ま
,な,の,つ
,く,と,も
,に,も,む
,,な,か
35,ほ,し,は
,ひ,の,な
,け,か,そ
,る,に,む
,,に,か
36,と,こ,く
,る,に,も
,ら,つ,の
,む,き,い
,,や,つ
37,ち,め,つ
,り,ぬ,ら
,け,た,ぬ
,る,ま,き
,,そ,と
38,も,ち,ひ
,あ,の,と
,る,を,の
,か,し,い
,な,く,の
39,こ,と,あ
,ひ,か,ま
,し,ひ,り
,き,と,て
,,の,な
40,と,ふ,も
,ふ,と,の
,ま,ひ,や
,て,と,お
,,の,も
41,そ,こ,ひ
,め,そ,と
,し,お,し
,か,も,れ
,,ひ,す
42,さ,や,す
,し,ま,ゑ
,と,な,の
,は,み,ま
,,こ,つ
43,さ,の,む
,り,を,か
,け,お,し
,り,も,は
,,は,も
44,さ,を,ひ
,ら,も,と
,ま,う,を
,し,ら,も
,,み,み
45,へ,ら,み
,き,に,の
,か,な,い
,な,り,た
,,ぬ,つ
46,み,ら,ゆ
,ち,ぬ,く
,か,こ,へ
,な,ひ,も
,,の,し
47,き,え,ひ
,に,ね,と
,け,あ,こ
,り,き,そ
,,は,み
48,こ,の,く
,ろ,を,た
,か,お,け
,な,も,て
,,ふ,も
49,こ,つ,ひ
,そ,つ,る
,お,も,は
,も,の,き
,へ,を,え
50,け,な,な
,る,と,か
,か,お,く
,な,も,も
,,ひ,か
51,お,し,さ
,も,な,し
,ひ,も,も
,を,ゆ,し
,,る,ら
52,ら,し,な
,け,き,お
,か,あ,う
,な,さ,ら
,,ほ,め
53,か,し,い
,は,き,か
,し,も,に
,る,の,ひ
,,と,さ
54,と,り,け
,も,の,ふ
,か,い,を
,な,の,か
,,ち,き
55,こ,れ,な
,え,て,こ
,け,な,そ
,れ,ほ,な
,,き,か
56,と,ひ,い
,も,の,ま
,か,あ,ひ
,な,ふ,と
,,こ,た
57,つ,に,く
,き,し,も
,か,よ,か
,な,は,く
,,の,れ
58,や,と,い
,は,を,て
,す,わ,そ
,る,す,よ
,,れ,ひ
59,み,て,か
,し,の,た
,か,つ,ふ
,な,き,く
,,を,ま
60,は,み,ま
,し,す,た
,た,あ,ふ
,て,ま,み
,,の,も
61,ぬ,へ,け
,る,に,ふ
,か,に,こ
,な,ほ,こ
,,ひ,の
62,ゆ,か,よ
,る,の,に
,さ,せ,あ
,し,き,ふ
,,は,さ
63,し,ら,ひ
,も,て,と
,か,い,つ
,な,ふ,て
,,よ,な
64,あ,た,あ
,し,る,ら
,ろ,せ,は
,き,せ,れ
,,の,わ
65,を,な,こ
,し,む,ひ
,け,な,に
,れ,こ,く
,,そ,ち
66,と,か,は
,も,に,な
,な,し,よ
,し,る,り
,,ひ,ほ
67,を,た,か
,し,む,ひ
,け,な,な
,れ,こ,く
,,そ,た
68,つ,へ,こ
,き,き,ひ
,か,よ,し
,な,は,か
,,の,る
69,な,は,た
,り,の,つ
,け,に,た
,り,し,の
,,き,か
70,ゆ,な,い
,ふ,し,つ
,く,あ,こ
,れ,き,も
,,の,お
71,せ,や,あ
,そ,に,し
,ふ,あ,の
,く,き,ま
,,か,ろ
72,こ,て,か
,そ,の,け
,す,ぬ,し
,れ,れ,や
,,も,そ
73,も,す,と
,あ,み,や
,ら,た,ま
,な,た,の
,む,す,か
74,ぬ,と,は
,も,は,け
,の,い,し
,を,の,か
,,ら,れ
75,い,し,あ
,ぬ,の,は
,め,あ,れ
,り,き,こ
,,も,と
76,し,か,く
,ら,ふ,も
,な,お,ゐ
,み,き,に
,,つ,ま
77,と,ゑ,わ
,そ,に,れ
,お,あ,て
,も,は,も
,ふ,む,す
78,せ,め,い
,き,ぬ,く
,も,す,よ
,り,ま,ね
,,の,さ
79,の,つ,も
,さ,き,れ
,や,の,い
,け,か,つ
,さ,け,る
80,こ,さ,み
,そ,は,た
,お,も,れ
,も,の,て
,へ,を,け
81,の,け,た
,こ,の,た
,れ,つ,あ
,る,き,り
,,そ,あ
82,な,ぬ,う
,り,は,き
,け,な,に
,り,み,た
,,た,へ
83,な,に,や
,く,も,ま
,な,し,の
,る,か,お
,,そ,く
84,こ,よ,う
,ひ,そ,し
,し,い,と
,き,ま,み
,,は,し
85,か,さ,ね
,り,へ,や
,け,つ,の
,り,れ,ひ
,,な,ま
86,み,な,か
,た,る,こ
,か,わ,ち
,な,か,か
,,な,ほ
87,ゆ,ほ,き
,ふ,る,り
,く,あ,た
,れ,き,ち
,,の,の
88,た,て,み
,る,や,を
,へ,こ,つ
,き,ひ,く
,,わ,し
89,も,と,し
,そ,の,の
,す,よ,ふ
,る,は,る
,,り,こ
90,か,れ,ぬ
,は,し,れ
,ら,い,に
,す,ろ,そ
,,は,ぬ
91,か,し,こ
,も,き,ろ
,ね,ひ,も
,む,と,か
,,り,た
92,ま,ら,ひ
,も,ね,と
,な,か,こ
,し,は,そ
,,く,し
93,か,ね,あ
,な,の,ま
,し,つ,の
,も,な,を
,,て,ふ
94,う,む,ふ
,つ,く,る
,な,こ,さ
,り,ろ,と
,,も,さ
95,め,ま,わ
,の,に,か
,そ,す,た
,て,み,つ
,,そ,そ
96,な,の,ふ
,り,は,り
,け,わ,ゆ
,り,か,く
,,み,も
97,か,ほ,や
,れ,の,く
,つ,み,や
,つ,も,も
,,こ,し
98,な,つ,み
,り,の,そ
,け,し,き
,る,る,そ
,,し,な
99,お,ゆ,よ
,も,ゑ,を
,ふ,に,お
,み,も,も
,は,の,ふ
100,な,あ,な
,り,る,ほ
,け,む,あ
,り,か,ま
,,し,り
